group	node_shape	node_role	target_classes	closed	ignored_properties	property_shape_count	sparql_constraint_count
AllOf	urn:codex:bootstrap:1.0.0#AllOf#shape	root	urn:codex:bootstrap:1.0.0#AllOf	true	http://www.w3.org/1999/02/22-rdf-syntax-ns#type | urn:codex:bootstrap:1.0.0#codex/content | urn:codex:bootstrap:1.0.0#codex/declaredId | urn:codex:bootstrap:1.0.0#codex/isEntity | urn:codex:bootstrap:1.0.0#codex/parentNode	3	0
AllowedValues	urn:codex:bootstrap:1.0.0#AllowedValues#shape	root	urn:codex:bootstrap:1.0.0#AllowedValues	true	http://www.w3.org/1999/02/22-rdf-syntax-ns#type | urn:codex:bootstrap:1.0.0#codex/content | urn:codex:bootstrap:1.0.0#codex/declaredId | urn:codex:bootstrap:1.0.0#codex/isEntity | urn:codex:bootstrap:1.0.0#codex/parentNode	4	0
AllowsChildConcept	urn:codex:bootstrap:1.0.0#AllowsChildConcept#shape	root	urn:codex:bootstrap:1.0.0#AllowsChildConcept	true	http://www.w3.org/1999/02/22-rdf-syntax-ns#type | urn:codex:bootstrap:1.0.0#codex/content | urn:codex:bootstrap:1.0.0#codex/declaredId | urn:codex:bootstrap:1.0.0#codex/isEntity | urn:codex:bootstrap:1.0.0#codex/parentNode	5	0
AllowsContent	urn:codex:bootstrap:1.0.0#AllowsContent#shape	root	urn:codex:bootstrap:1.0.0#AllowsContent	true	http://www.w3.org/1999/02/22-rdf-syntax-ns#type | urn:codex:bootstrap:1.0.0#codex/content | urn:codex:bootstrap:1.0.0#codex/declaredId | urn:codex:bootstrap:1.0.0#codex/isEntity | urn:codex:bootstrap:1.0.0#codex/parentNode	3	0
AllowsTrait	urn:codex:bootstrap:1.0.0#AllowsTrait#shape	root	urn:codex:bootstrap:1.0.0#AllowsTrait	true	http://www.w3.org/1999/02/22-rdf-syntax-ns#type | urn:codex:bootstrap:1.0.0#codex/content | urn:codex:bootstrap:1.0.0#codex/declaredId | urn:codex:bootstrap:1.0.0#codex/isEntity | urn:codex:bootstrap:1.0.0#codex/parentNode	4	0
AnyOf	urn:codex:bootstrap:1.0.0#AnyOf#shape	root	urn:codex:bootstrap:1.0.0#AnyOf	true	http://www.w3.org/1999/02/22-rdf-syntax-ns#type | urn:codex:bootstrap:1.0.0#codex/content | urn:codex:bootstrap:1.0.0#codex/declaredId | urn:codex:bootstrap:1.0.0#codex/isEntity | urn:codex:bootstrap:1.0.0#codex/parentNode	3	0
ChildConstraint	urn:codex:bootstrap:1.0.0#ChildConstraint#shape	root	urn:codex:bootstrap:1.0.0#ChildConstraint	true	http://www.w3.org/1999/02/22-rdf-syntax-ns#type | urn:codex:bootstrap:1.0.0#codex/content | urn:codex:bootstrap:1.0.0#codex/declaredId | urn:codex:bootstrap:1.0.0#codex/isEntity | urn:codex:bootstrap:1.0.0#codex/parentNode	4	0
ChildPath	urn:codex:bootstrap:1.0.0#ChildPath#shape	root	urn:codex:bootstrap:1.0.0#ChildPath	true	http://www.w3.org/1999/02/22-rdf-syntax-ns#type | urn:codex:bootstrap:1.0.0#codex/content | urn:codex:bootstrap:1.0.0#codex/declaredId | urn:codex:bootstrap:1.0.0#codex/isEntity | urn:codex:bootstrap:1.0.0#codex/parentNode	3	0
ChildRules	urn:codex:bootstrap:1.0.0#ChildRules#shape	root	urn:codex:bootstrap:1.0.0#ChildRules	true	http://www.w3.org/1999/02/22-rdf-syntax-ns#type | urn:codex:bootstrap:1.0.0#codex/content | urn:codex:bootstrap:1.0.0#codex/declaredId | urn:codex:bootstrap:1.0.0#codex/isEntity | urn:codex:bootstrap:1.0.0#codex/parentNode	6	0
ChildRules	urn:codex:bootstrap:1.0.0#ChildRules#shape/or/37d682d06b98556f4eeab841011a9e2e0554d6547504a0179606946fdc560efc/shape/0	subshape				1	0
ChildRules	urn:codex:bootstrap:1.0.0#ChildRules#shape/or/37d682d06b98556f4eeab841011a9e2e0554d6547504a0179606946fdc560efc/shape/1	subshape				1	0
ChildRules	urn:codex:bootstrap:1.0.0#ChildRules#shape/or/37d682d06b98556f4eeab841011a9e2e0554d6547504a0179606946fdc560efc/shape/2	subshape				1	0
ChildRules	urn:codex:bootstrap:1.0.0#ChildRules#shape/or/37d682d06b98556f4eeab841011a9e2e0554d6547504a0179606946fdc560efc/shape/3	subshape				1	0
ChildSatisfies	urn:codex:bootstrap:1.0.0#ChildSatisfies#shape	root	urn:codex:bootstrap:1.0.0#ChildSatisfies	true	http://www.w3.org/1999/02/22-rdf-syntax-ns#type | urn:codex:bootstrap:1.0.0#codex/content | urn:codex:bootstrap:1.0.0#codex/declaredId | urn:codex:bootstrap:1.0.0#codex/isEntity | urn:codex:bootstrap:1.0.0#codex/parentNode	4	0
CollectionAllowsDuplicates	urn:codex:bootstrap:1.0.0#CollectionAllowsDuplicates#shape	root	urn:codex:bootstrap:1.0.0#CollectionAllowsDuplicates	true	http://www.w3.org/1999/02/22-rdf-syntax-ns#type | urn:codex:bootstrap:1.0.0#codex/content | urn:codex:bootstrap:1.0.0#codex/declaredId | urn:codex:bootstrap:1.0.0#codex/isEntity | urn:codex:bootstrap:1.0.0#codex/parentNode	6	0
CollectionAllowsDuplicates	urn:codex:bootstrap:1.0.0#CollectionAllowsDuplicates#shape/or/37d682d06b98556f4eeab841011a9e2e0554d6547504a0179606946fdc560efc/shape/0	subshape				1	0
CollectionAllowsDuplicates	urn:codex:bootstrap:1.0.0#CollectionAllowsDuplicates#shape/or/37d682d06b98556f4eeab841011a9e2e0554d6547504a0179606946fdc560efc/shape/1	subshape				1	0
CollectionAllowsEmpty	urn:codex:bootstrap:1.0.0#CollectionAllowsEmpty#shape	root	urn:codex:bootstrap:1.0.0#CollectionAllowsEmpty	true	http://www.w3.org/1999/02/22-rdf-syntax-ns#type | urn:codex:bootstrap:1.0.0#codex/content | urn:codex:bootstrap:1.0.0#codex/declaredId | urn:codex:bootstrap:1.0.0#codex/isEntity | urn:codex:bootstrap:1.0.0#codex/parentNode	5	0
CollectionOrdering	urn:codex:bootstrap:1.0.0#CollectionOrdering#shape	root	urn:codex:bootstrap:1.0.0#CollectionOrdering	true	http://www.w3.org/1999/02/22-rdf-syntax-ns#type | urn:codex:bootstrap:1.0.0#codex/content | urn:codex:bootstrap:1.0.0#codex/declaredId | urn:codex:bootstrap:1.0.0#codex/isEntity | urn:codex:bootstrap:1.0.0#codex/parentNode	5	0
CollectionRules	urn:codex:bootstrap:1.0.0#CollectionRules#shape	root	urn:codex:bootstrap:1.0.0#CollectionRules	true	http://www.w3.org/1999/02/22-rdf-syntax-ns#type | urn:codex:bootstrap:1.0.0#codex/content | urn:codex:bootstrap:1.0.0#codex/declaredId | urn:codex:bootstrap:1.0.0#codex/isEntity | urn:codex:bootstrap:1.0.0#codex/parentNode	4	0
ConceptDefinition	urn:codex:bootstrap:1.0.0#ConceptDefinition#shape	root	urn:codex:bootstrap:1.0.0#ConceptDefinition	true	http://www.w3.org/1999/02/22-rdf-syntax-ns#type | urn:codex:bootstrap:1.0.0#codex/content | urn:codex:bootstrap:1.0.0#codex/declaredId | urn:codex:bootstrap:1.0.0#codex/isEntity | urn:codex:bootstrap:1.0.0#codex/parentNode	12	1
ConceptDefinitions	urn:codex:bootstrap:1.0.0#ConceptDefinitions#shape	root	urn:codex:bootstrap:1.0.0#ConceptDefinitions	true	http://www.w3.org/1999/02/22-rdf-syntax-ns#type | urn:codex:bootstrap:1.0.0#codex/content | urn:codex:bootstrap:1.0.0#codex/declaredId | urn:codex:bootstrap:1.0.0#codex/isEntity | urn:codex:bootstrap:1.0.0#codex/parentNode	3	0
ConceptOption	urn:codex:bootstrap:1.0.0#ConceptOption#shape	root	urn:codex:bootstrap:1.0.0#ConceptOption	true	http://www.w3.org/1999/02/22-rdf-syntax-ns#type | urn:codex:bootstrap:1.0.0#codex/content | urn:codex:bootstrap:1.0.0#codex/declaredId | urn:codex:bootstrap:1.0.0#codex/isEntity | urn:codex:bootstrap:1.0.0#codex/parentNode	3	0
ConditionalConstraint	urn:codex:bootstrap:1.0.0#ConditionalConstraint#shape	root	urn:codex:bootstrap:1.0.0#ConditionalConstraint	true	http://www.w3.org/1999/02/22-rdf-syntax-ns#type | urn:codex:bootstrap:1.0.0#codex/content | urn:codex:bootstrap:1.0.0#codex/declaredId | urn:codex:bootstrap:1.0.0#codex/isEntity | urn:codex:bootstrap:1.0.0#codex/parentNode	4	0
ConstraintDefinition	urn:codex:bootstrap:1.0.0#ConstraintDefinition#shape	root	urn:codex:bootstrap:1.0.0#ConstraintDefinition	true	http://www.w3.org/1999/02/22-rdf-syntax-ns#type | urn:codex:bootstrap:1.0.0#codex/content | urn:codex:bootstrap:1.0.0#codex/declaredId | urn:codex:bootstrap:1.0.0#codex/isEntity | urn:codex:bootstrap:1.0.0#codex/parentNode	6	0
ConstraintDefinitions	urn:codex:bootstrap:1.0.0#ConstraintDefinitions#shape	root	urn:codex:bootstrap:1.0.0#ConstraintDefinitions	true	http://www.w3.org/1999/02/22-rdf-syntax-ns#type | urn:codex:bootstrap:1.0.0#codex/content | urn:codex:bootstrap:1.0.0#codex/declaredId | urn:codex:bootstrap:1.0.0#codex/isEntity | urn:codex:bootstrap:1.0.0#codex/parentNode	3	0
ContentConstraint	urn:codex:bootstrap:1.0.0#ContentConstraint#shape	root	urn:codex:bootstrap:1.0.0#ContentConstraint	true	http://www.w3.org/1999/02/22-rdf-syntax-ns#type | urn:codex:bootstrap:1.0.0#codex/content | urn:codex:bootstrap:1.0.0#codex/declaredId | urn:codex:bootstrap:1.0.0#codex/isEntity | urn:codex:bootstrap:1.0.0#codex/parentNode	5	0
ContentConstraint	urn:codex:bootstrap:1.0.0#ContentConstraint#shape/xone/ff2cd5be0c0f2b764740713cbcb7f23894b6cf398dd418cdbc7ce2fd56d2aca6/shape/0	subshape				2	0
ContentConstraint	urn:codex:bootstrap:1.0.0#ContentConstraint#shape/xone/ff2cd5be0c0f2b764740713cbcb7f23894b6cf398dd418cdbc7ce2fd56d2aca6/shape/1	subshape				3	0
ContentConstraint	urn:codex:bootstrap:1.0.0#ContentConstraint#shape/xone/ff2cd5be0c0f2b764740713cbcb7f23894b6cf398dd418cdbc7ce2fd56d2aca6/shape/2	subshape				3	0
ContentPath	urn:codex:bootstrap:1.0.0#ContentPath#shape	root	urn:codex:bootstrap:1.0.0#ContentPath	true	http://www.w3.org/1999/02/22-rdf-syntax-ns#type | urn:codex:bootstrap:1.0.0#codex/content | urn:codex:bootstrap:1.0.0#codex/declaredId | urn:codex:bootstrap:1.0.0#codex/isEntity | urn:codex:bootstrap:1.0.0#codex/parentNode	2	0
ContentRules	urn:codex:bootstrap:1.0.0#ContentRules#shape	root	urn:codex:bootstrap:1.0.0#ContentRules	true	http://www.w3.org/1999/02/22-rdf-syntax-ns#type | urn:codex:bootstrap:1.0.0#codex/content | urn:codex:bootstrap:1.0.0#codex/declaredId | urn:codex:bootstrap:1.0.0#codex/isEntity | urn:codex:bootstrap:1.0.0#codex/parentNode	4	0
ContextConstraint	urn:codex:bootstrap:1.0.0#ContextConstraint#shape	root	urn:codex:bootstrap:1.0.0#ContextConstraint	true	http://www.w3.org/1999/02/22-rdf-syntax-ns#type | urn:codex:bootstrap:1.0.0#codex/content | urn:codex:bootstrap:1.0.0#codex/declaredId | urn:codex:bootstrap:1.0.0#codex/isEntity | urn:codex:bootstrap:1.0.0#codex/parentNode	4	0
ContextConstraint	urn:codex:bootstrap:1.0.0#ContextConstraint#shape/xone/ff2cd5be0c0f2b764740713cbcb7f23894b6cf398dd418cdbc7ce2fd56d2aca6/shape/0	subshape				2	0
ContextConstraint	urn:codex:bootstrap:1.0.0#ContextConstraint#shape/xone/ff2cd5be0c0f2b764740713cbcb7f23894b6cf398dd418cdbc7ce2fd56d2aca6/shape/1	subshape				2	0
Count	urn:codex:bootstrap:1.0.0#Count#shape	root	urn:codex:bootstrap:1.0.0#Count	true	http://www.w3.org/1999/02/22-rdf-syntax-ns#type | urn:codex:bootstrap:1.0.0#codex/content | urn:codex:bootstrap:1.0.0#codex/declaredId | urn:codex:bootstrap:1.0.0#codex/isEntity | urn:codex:bootstrap:1.0.0#codex/parentNode	4	0
Count	urn:codex:bootstrap:1.0.0#Count#shape/or/37d682d06b98556f4eeab841011a9e2e0554d6547504a0179606946fdc560efc/shape/0	subshape				1	0
Count	urn:codex:bootstrap:1.0.0#Count#shape/or/37d682d06b98556f4eeab841011a9e2e0554d6547504a0179606946fdc560efc/shape/1	subshape				1	0
DescendantPath	urn:codex:bootstrap:1.0.0#DescendantPath#shape	root	urn:codex:bootstrap:1.0.0#DescendantPath	true	http://www.w3.org/1999/02/22-rdf-syntax-ns#type | urn:codex:bootstrap:1.0.0#codex/content | urn:codex:bootstrap:1.0.0#codex/declaredId | urn:codex:bootstrap:1.0.0#codex/isEntity | urn:codex:bootstrap:1.0.0#codex/parentNode	3	0
EachMemberSatisfies	urn:codex:bootstrap:1.0.0#EachMemberSatisfies#shape	root	urn:codex:bootstrap:1.0.0#EachMemberSatisfies	true	http://www.w3.org/1999/02/22-rdf-syntax-ns#type | urn:codex:bootstrap:1.0.0#codex/content | urn:codex:bootstrap:1.0.0#codex/declaredId | urn:codex:bootstrap:1.0.0#codex/isEntity | urn:codex:bootstrap:1.0.0#codex/parentNode	5	0
EnumeratedConstraint	urn:codex:bootstrap:1.0.0#EnumeratedConstraint#shape	root	urn:codex:bootstrap:1.0.0#EnumeratedConstraint	true	http://www.w3.org/1999/02/22-rdf-syntax-ns#type | urn:codex:bootstrap:1.0.0#codex/content | urn:codex:bootstrap:1.0.0#codex/declaredId | urn:codex:bootstrap:1.0.0#codex/isEntity | urn:codex:bootstrap:1.0.0#codex/parentNode	3	0
EnumeratedValueSet	urn:codex:bootstrap:1.0.0#EnumeratedValueSet#shape	root	urn:codex:bootstrap:1.0.0#EnumeratedValueSet	true	http://www.w3.org/1999/02/22-rdf-syntax-ns#type | urn:codex:bootstrap:1.0.0#codex/content | urn:codex:bootstrap:1.0.0#codex/declaredId | urn:codex:bootstrap:1.0.0#codex/isEntity | urn:codex:bootstrap:1.0.0#codex/parentNode	6	1
EnumeratedValueSets	urn:codex:bootstrap:1.0.0#EnumeratedValueSets#shape	root	urn:codex:bootstrap:1.0.0#EnumeratedValueSets	true	http://www.w3.org/1999/02/22-rdf-syntax-ns#type | urn:codex:bootstrap:1.0.0#codex/content | urn:codex:bootstrap:1.0.0#codex/declaredId | urn:codex:bootstrap:1.0.0#codex/isEntity | urn:codex:bootstrap:1.0.0#codex/parentNode	3	0
ExactlyOneChildOf	urn:codex:bootstrap:1.0.0#ExactlyOneChildOf#shape	root	urn:codex:bootstrap:1.0.0#ExactlyOneChildOf	true	http://www.w3.org/1999/02/22-rdf-syntax-ns#type | urn:codex:bootstrap:1.0.0#codex/content | urn:codex:bootstrap:1.0.0#codex/declaredId | urn:codex:bootstrap:1.0.0#codex/isEntity | urn:codex:bootstrap:1.0.0#codex/parentNode	3	0
Exists	urn:codex:bootstrap:1.0.0#Exists#shape	root	urn:codex:bootstrap:1.0.0#Exists	true	http://www.w3.org/1999/02/22-rdf-syntax-ns#type | urn:codex:bootstrap:1.0.0#codex/content | urn:codex:bootstrap:1.0.0#codex/declaredId | urn:codex:bootstrap:1.0.0#codex/isEntity | urn:codex:bootstrap:1.0.0#codex/parentNode	2	0
ForAll	urn:codex:bootstrap:1.0.0#ForAll#shape	root	urn:codex:bootstrap:1.0.0#ForAll	true	http://www.w3.org/1999/02/22-rdf-syntax-ns#type | urn:codex:bootstrap:1.0.0#codex/content | urn:codex:bootstrap:1.0.0#codex/declaredId | urn:codex:bootstrap:1.0.0#codex/isEntity | urn:codex:bootstrap:1.0.0#codex/parentNode	2	0
ForbidsChildConcept	urn:codex:bootstrap:1.0.0#ForbidsChildConcept#shape	root	urn:codex:bootstrap:1.0.0#ForbidsChildConcept	true	http://www.w3.org/1999/02/22-rdf-syntax-ns#type | urn:codex:bootstrap:1.0.0#codex/content | urn:codex:bootstrap:1.0.0#codex/declaredId | urn:codex:bootstrap:1.0.0#codex/isEntity | urn:codex:bootstrap:1.0.0#codex/parentNode	3	0
ForbidsContent	urn:codex:bootstrap:1.0.0#ForbidsContent#shape	root	urn:codex:bootstrap:1.0.0#ForbidsContent	true	http://www.w3.org/1999/02/22-rdf-syntax-ns#type | urn:codex:bootstrap:1.0.0#codex/content | urn:codex:bootstrap:1.0.0#codex/declaredId | urn:codex:bootstrap:1.0.0#codex/isEntity | urn:codex:bootstrap:1.0.0#codex/parentNode	2	0
ForbidsTrait	urn:codex:bootstrap:1.0.0#ForbidsTrait#shape	root	urn:codex:bootstrap:1.0.0#ForbidsTrait	true	http://www.w3.org/1999/02/22-rdf-syntax-ns#type | urn:codex:bootstrap:1.0.0#codex/content | urn:codex:bootstrap:1.0.0#codex/declaredId | urn:codex:bootstrap:1.0.0#codex/isEntity | urn:codex:bootstrap:1.0.0#codex/parentNode	3	0
IdentityConstraint	urn:codex:bootstrap:1.0.0#IdentityConstraint#shape	root	urn:codex:bootstrap:1.0.0#IdentityConstraint	true	http://www.w3.org/1999/02/22-rdf-syntax-ns#type | urn:codex:bootstrap:1.0.0#codex/content | urn:codex:bootstrap:1.0.0#codex/declaredId | urn:codex:bootstrap:1.0.0#codex/isEntity | urn:codex:bootstrap:1.0.0#codex/parentNode	6	0
IdentityConstraint	urn:codex:bootstrap:1.0.0#IdentityConstraint#shape/xone/ff2cd5be0c0f2b764740713cbcb7f23894b6cf398dd418cdbc7ce2fd56d2aca6/shape/0	subshape				3	0
IdentityConstraint	urn:codex:bootstrap:1.0.0#IdentityConstraint#shape/xone/ff2cd5be0c0f2b764740713cbcb7f23894b6cf398dd418cdbc7ce2fd56d2aca6/shape/1	subshape				4	0
IdentityConstraint	urn:codex:bootstrap:1.0.0#IdentityConstraint#shape/xone/ff2cd5be0c0f2b764740713cbcb7f23894b6cf398dd418cdbc7ce2fd56d2aca6/shape/2	subshape				4	0
IdentityConstraint	urn:codex:bootstrap:1.0.0#IdentityConstraint#shape/xone/ff2cd5be0c0f2b764740713cbcb7f23894b6cf398dd418cdbc7ce2fd56d2aca6/shape/3	subshape				4	0
Member	urn:codex:bootstrap:1.0.0#Member#shape	root	urn:codex:bootstrap:1.0.0#Member	true	http://www.w3.org/1999/02/22-rdf-syntax-ns#type | urn:codex:bootstrap:1.0.0#codex/content | urn:codex:bootstrap:1.0.0#codex/declaredId | urn:codex:bootstrap:1.0.0#codex/isEntity | urn:codex:bootstrap:1.0.0#codex/parentNode	5	1
MemberCount	urn:codex:bootstrap:1.0.0#MemberCount#shape	root	urn:codex:bootstrap:1.0.0#MemberCount	true	http://www.w3.org/1999/02/22-rdf-syntax-ns#type | urn:codex:bootstrap:1.0.0#codex/content | urn:codex:bootstrap:1.0.0#codex/declaredId | urn:codex:bootstrap:1.0.0#codex/isEntity | urn:codex:bootstrap:1.0.0#codex/parentNode	6	0
MemberCount	urn:codex:bootstrap:1.0.0#MemberCount#shape/or/37d682d06b98556f4eeab841011a9e2e0554d6547504a0179606946fdc560efc/shape/0	subshape				1	0
MemberCount	urn:codex:bootstrap:1.0.0#MemberCount#shape/or/37d682d06b98556f4eeab841011a9e2e0554d6547504a0179606946fdc560efc/shape/1	subshape				1	0
Not	urn:codex:bootstrap:1.0.0#Not#shape	root	urn:codex:bootstrap:1.0.0#Not	true	http://www.w3.org/1999/02/22-rdf-syntax-ns#type | urn:codex:bootstrap:1.0.0#codex/content | urn:codex:bootstrap:1.0.0#codex/declaredId | urn:codex:bootstrap:1.0.0#codex/isEntity | urn:codex:bootstrap:1.0.0#codex/parentNode	3	0
OnPathCount	urn:codex:bootstrap:1.0.0#OnPathCount#shape	root	urn:codex:bootstrap:1.0.0#OnPathCount	true	http://www.w3.org/1999/02/22-rdf-syntax-ns#type | urn:codex:bootstrap:1.0.0#codex/content | urn:codex:bootstrap:1.0.0#codex/declaredId | urn:codex:bootstrap:1.0.0#codex/isEntity | urn:codex:bootstrap:1.0.0#codex/parentNode	9	0
OnPathCount	urn:codex:bootstrap:1.0.0#OnPathCount#shape/or/37d682d06b98556f4eeab841011a9e2e0554d6547504a0179606946fdc560efc/shape/0	subshape				1	0
OnPathCount	urn:codex:bootstrap:1.0.0#OnPathCount#shape/or/37d682d06b98556f4eeab841011a9e2e0554d6547504a0179606946fdc560efc/shape/1	subshape				1	0
OnPathExists	urn:codex:bootstrap:1.0.0#OnPathExists#shape	root	urn:codex:bootstrap:1.0.0#OnPathExists	true	http://www.w3.org/1999/02/22-rdf-syntax-ns#type | urn:codex:bootstrap:1.0.0#codex/content | urn:codex:bootstrap:1.0.0#codex/declaredId | urn:codex:bootstrap:1.0.0#codex/isEntity | urn:codex:bootstrap:1.0.0#codex/parentNode	7	0
OnPathForAll	urn:codex:bootstrap:1.0.0#OnPathForAll#shape	root	urn:codex:bootstrap:1.0.0#OnPathForAll	true	http://www.w3.org/1999/02/22-rdf-syntax-ns#type | urn:codex:bootstrap:1.0.0#codex/content | urn:codex:bootstrap:1.0.0#codex/declaredId | urn:codex:bootstrap:1.0.0#codex/isEntity | urn:codex:bootstrap:1.0.0#codex/parentNode	7	0
OrderConstraint	urn:codex:bootstrap:1.0.0#OrderConstraint#shape	root	urn:codex:bootstrap:1.0.0#OrderConstraint	true	http://www.w3.org/1999/02/22-rdf-syntax-ns#type | urn:codex:bootstrap:1.0.0#codex/content | urn:codex:bootstrap:1.0.0#codex/declaredId | urn:codex:bootstrap:1.0.0#codex/isEntity | urn:codex:bootstrap:1.0.0#codex/parentNode	6	0
PatternConstraint	urn:codex:bootstrap:1.0.0#PatternConstraint#shape	root	urn:codex:bootstrap:1.0.0#PatternConstraint	true	http://www.w3.org/1999/02/22-rdf-syntax-ns#type | urn:codex:bootstrap:1.0.0#codex/content | urn:codex:bootstrap:1.0.0#codex/declaredId | urn:codex:bootstrap:1.0.0#codex/isEntity | urn:codex:bootstrap:1.0.0#codex/parentNode	5	0
RdfGraph	urn:codex:bootstrap:1.0.0#RdfGraph#shape	root	urn:codex:bootstrap:1.0.0#RdfGraph	true	http://www.w3.org/1999/02/22-rdf-syntax-ns#type | urn:codex:bootstrap:1.0.0#codex/content | urn:codex:bootstrap:1.0.0#codex/declaredId | urn:codex:bootstrap:1.0.0#codex/isEntity | urn:codex:bootstrap:1.0.0#codex/parentNode	3	0
RdfTriple	urn:codex:bootstrap:1.0.0#RdfTriple#shape	root	urn:codex:bootstrap:1.0.0#RdfTriple	true	http://www.w3.org/1999/02/22-rdf-syntax-ns#type | urn:codex:bootstrap:1.0.0#codex/content | urn:codex:bootstrap:1.0.0#codex/declaredId | urn:codex:bootstrap:1.0.0#codex/isEntity | urn:codex:bootstrap:1.0.0#codex/parentNode	8	0
RdfTriple	urn:codex:bootstrap:1.0.0#RdfTriple#shape/not/6d9f0bc6a43fcf341c62365c2f21334ff4ce15d85c787f3776c0add8ea9d1e94	subshape				2	0
RdfTriple	urn:codex:bootstrap:1.0.0#RdfTriple#shape/xone/ff2cd5be0c0f2b764740713cbcb7f23894b6cf398dd418cdbc7ce2fd56d2aca6/shape/0	subshape				4	0
RdfTriple	urn:codex:bootstrap:1.0.0#RdfTriple#shape/xone/ff2cd5be0c0f2b764740713cbcb7f23894b6cf398dd418cdbc7ce2fd56d2aca6/shape/1	subshape				2	0
ReferenceConstraint	urn:codex:bootstrap:1.0.0#ReferenceConstraint#shape	root	urn:codex:bootstrap:1.0.0#ReferenceConstraint	true	http://www.w3.org/1999/02/22-rdf-syntax-ns#type | urn:codex:bootstrap:1.0.0#codex/content | urn:codex:bootstrap:1.0.0#codex/declaredId | urn:codex:bootstrap:1.0.0#codex/isEntity | urn:codex:bootstrap:1.0.0#codex/parentNode	5	0
ReferenceConstraint	urn:codex:bootstrap:1.0.0#ReferenceConstraint#shape/xone/ff2cd5be0c0f2b764740713cbcb7f23894b6cf398dd418cdbc7ce2fd56d2aca6/shape/0	subshape				2	0
ReferenceConstraint	urn:codex:bootstrap:1.0.0#ReferenceConstraint#shape/xone/ff2cd5be0c0f2b764740713cbcb7f23894b6cf398dd418cdbc7ce2fd56d2aca6/shape/1	subshape				2	0
ReferenceConstraint	urn:codex:bootstrap:1.0.0#ReferenceConstraint#shape/xone/ff2cd5be0c0f2b764740713cbcb7f23894b6cf398dd418cdbc7ce2fd56d2aca6/shape/2	subshape				3	0
ReferenceConstraint	urn:codex:bootstrap:1.0.0#ReferenceConstraint#shape/xone/ff2cd5be0c0f2b764740713cbcb7f23894b6cf398dd418cdbc7ce2fd56d2aca6/shape/3	subshape				3	0
ReferenceConstraint	urn:codex:bootstrap:1.0.0#ReferenceConstraint#shape/xone/ff2cd5be0c0f2b764740713cbcb7f23894b6cf398dd418cdbc7ce2fd56d2aca6/shape/4	subshape				3	0
RequiresChildConcept	urn:codex:bootstrap:1.0.0#RequiresChildConcept#shape	root	urn:codex:bootstrap:1.0.0#RequiresChildConcept	true	http://www.w3.org/1999/02/22-rdf-syntax-ns#type | urn:codex:bootstrap:1.0.0#codex/content | urn:codex:bootstrap:1.0.0#codex/declaredId | urn:codex:bootstrap:1.0.0#codex/isEntity | urn:codex:bootstrap:1.0.0#codex/parentNode	5	0
RequiresTrait	urn:codex:bootstrap:1.0.0#RequiresTrait#shape	root	urn:codex:bootstrap:1.0.0#RequiresTrait	true	http://www.w3.org/1999/02/22-rdf-syntax-ns#type | urn:codex:bootstrap:1.0.0#codex/content | urn:codex:bootstrap:1.0.0#codex/declaredId | urn:codex:bootstrap:1.0.0#codex/isEntity | urn:codex:bootstrap:1.0.0#codex/parentNode	4	0
Rule	urn:codex:bootstrap:1.0.0#Rule#shape	root	urn:codex:bootstrap:1.0.0#Rule	true	http://www.w3.org/1999/02/22-rdf-syntax-ns#type | urn:codex:bootstrap:1.0.0#codex/content | urn:codex:bootstrap:1.0.0#codex/declaredId | urn:codex:bootstrap:1.0.0#codex/isEntity | urn:codex:bootstrap:1.0.0#codex/parentNode	35	0
Schema	urn:codex:bootstrap:1.0.0#Schema#shape	root	urn:codex:bootstrap:1.0.0#Schema	true	http://www.w3.org/1999/02/22-rdf-syntax-ns#type | urn:codex:bootstrap:1.0.0#codex/content | urn:codex:bootstrap:1.0.0#codex/declaredId | urn:codex:bootstrap:1.0.0#codex/isEntity | urn:codex:bootstrap:1.0.0#codex/parentNode	18	0
Schema	urn:codex:bootstrap:1.0.0#Schema#shape/xone/mode/0d457bf4834448d1f3099694cbbc8107a0f5b561c10ff63c018f76aa8cba248a	subshape				8	0
Schema	urn:codex:bootstrap:1.0.0#Schema#shape/xone/mode/203f7b982ddb4fde8ad183d93203879b2fd3a69e7f2db950f71c93106591fc63	subshape				3	0
SchemaImport	urn:codex:bootstrap:1.0.0#SchemaImport#shape	root	urn:codex:bootstrap:1.0.0#SchemaImport	true	http://www.w3.org/1999/02/22-rdf-syntax-ns#type | urn:codex:bootstrap:1.0.0#codex/content | urn:codex:bootstrap:1.0.0#codex/declaredId | urn:codex:bootstrap:1.0.0#codex/isEntity | urn:codex:bootstrap:1.0.0#codex/parentNode	4	0
SchemaImports	urn:codex:bootstrap:1.0.0#SchemaImports#shape	root	urn:codex:bootstrap:1.0.0#SchemaImports	true	http://www.w3.org/1999/02/22-rdf-syntax-ns#type | urn:codex:bootstrap:1.0.0#codex/content | urn:codex:bootstrap:1.0.0#codex/declaredId | urn:codex:bootstrap:1.0.0#codex/isEntity | urn:codex:bootstrap:1.0.0#codex/parentNode	3	0
TargetConcept	urn:codex:bootstrap:1.0.0#TargetConcept#shape	root	urn:codex:bootstrap:1.0.0#TargetConcept	true	http://www.w3.org/1999/02/22-rdf-syntax-ns#type | urn:codex:bootstrap:1.0.0#codex/content | urn:codex:bootstrap:1.0.0#codex/declaredId | urn:codex:bootstrap:1.0.0#codex/isEntity | urn:codex:bootstrap:1.0.0#codex/parentNode	3	0
TargetContext	urn:codex:bootstrap:1.0.0#TargetContext#shape	root	urn:codex:bootstrap:1.0.0#TargetContext	true	http://www.w3.org/1999/02/22-rdf-syntax-ns#type | urn:codex:bootstrap:1.0.0#codex/content | urn:codex:bootstrap:1.0.0#codex/declaredId | urn:codex:bootstrap:1.0.0#codex/isEntity | urn:codex:bootstrap:1.0.0#codex/parentNode	3	0
Targets	urn:codex:bootstrap:1.0.0#Targets#shape	root	urn:codex:bootstrap:1.0.0#Targets	true	http://www.w3.org/1999/02/22-rdf-syntax-ns#type | urn:codex:bootstrap:1.0.0#codex/content | urn:codex:bootstrap:1.0.0#codex/declaredId | urn:codex:bootstrap:1.0.0#codex/isEntity | urn:codex:bootstrap:1.0.0#codex/parentNode	4	0
Targets	urn:codex:bootstrap:1.0.0#Targets#shape/or/37d682d06b98556f4eeab841011a9e2e0554d6547504a0179606946fdc560efc/shape/0	subshape				1	0
Targets	urn:codex:bootstrap:1.0.0#Targets#shape/or/37d682d06b98556f4eeab841011a9e2e0554d6547504a0179606946fdc560efc/shape/1	subshape				1	0
Then	urn:codex:bootstrap:1.0.0#Then#shape	root	urn:codex:bootstrap:1.0.0#Then	true	http://www.w3.org/1999/02/22-rdf-syntax-ns#type | urn:codex:bootstrap:1.0.0#codex/content | urn:codex:bootstrap:1.0.0#codex/declaredId | urn:codex:bootstrap:1.0.0#codex/isEntity | urn:codex:bootstrap:1.0.0#codex/parentNode	3	0
TraitCardinality	urn:codex:bootstrap:1.0.0#TraitCardinality#shape	root	urn:codex:bootstrap:1.0.0#TraitCardinality	true	http://www.w3.org/1999/02/22-rdf-syntax-ns#type | urn:codex:bootstrap:1.0.0#codex/content | urn:codex:bootstrap:1.0.0#codex/declaredId | urn:codex:bootstrap:1.0.0#codex/isEntity | urn:codex:bootstrap:1.0.0#codex/parentNode	5	0
TraitCardinality	urn:codex:bootstrap:1.0.0#TraitCardinality#shape/or/37d682d06b98556f4eeab841011a9e2e0554d6547504a0179606946fdc560efc/shape/0	subshape				1	0
TraitCardinality	urn:codex:bootstrap:1.0.0#TraitCardinality#shape/or/37d682d06b98556f4eeab841011a9e2e0554d6547504a0179606946fdc560efc/shape/1	subshape				1	0
TraitDefinition	urn:codex:bootstrap:1.0.0#TraitDefinition#shape	root	urn:codex:bootstrap:1.0.0#TraitDefinition	true	http://www.w3.org/1999/02/22-rdf-syntax-ns#type | urn:codex:bootstrap:1.0.0#codex/content | urn:codex:bootstrap:1.0.0#codex/declaredId | urn:codex:bootstrap:1.0.0#codex/isEntity | urn:codex:bootstrap:1.0.0#codex/parentNode	9	1
TraitDefinition	urn:codex:bootstrap:1.0.0#TraitDefinition#shape/xone/ff2cd5be0c0f2b764740713cbcb7f23894b6cf398dd418cdbc7ce2fd56d2aca6/shape/0	subshape				2	0
TraitDefinition	urn:codex:bootstrap:1.0.0#TraitDefinition#shape/xone/ff2cd5be0c0f2b764740713cbcb7f23894b6cf398dd418cdbc7ce2fd56d2aca6/shape/1	subshape				2	0
TraitDefinitions	urn:codex:bootstrap:1.0.0#TraitDefinitions#shape	root	urn:codex:bootstrap:1.0.0#TraitDefinitions	true	http://www.w3.org/1999/02/22-rdf-syntax-ns#type | urn:codex:bootstrap:1.0.0#codex/content | urn:codex:bootstrap:1.0.0#codex/declaredId | urn:codex:bootstrap:1.0.0#codex/isEntity | urn:codex:bootstrap:1.0.0#codex/parentNode	3	0
TraitEquals	urn:codex:bootstrap:1.0.0#TraitEquals#shape	root	urn:codex:bootstrap:1.0.0#TraitEquals	true	http://www.w3.org/1999/02/22-rdf-syntax-ns#type | urn:codex:bootstrap:1.0.0#codex/content | urn:codex:bootstrap:1.0.0#codex/declaredId | urn:codex:bootstrap:1.0.0#codex/isEntity | urn:codex:bootstrap:1.0.0#codex/parentNode	4	0
TraitExists	urn:codex:bootstrap:1.0.0#TraitExists#shape	root	urn:codex:bootstrap:1.0.0#TraitExists	true	http://www.w3.org/1999/02/22-rdf-syntax-ns#type | urn:codex:bootstrap:1.0.0#codex/content | urn:codex:bootstrap:1.0.0#codex/declaredId | urn:codex:bootstrap:1.0.0#codex/isEntity | urn:codex:bootstrap:1.0.0#codex/parentNode	3	0
TraitLessOrEqual	urn:codex:bootstrap:1.0.0#TraitLessOrEqual#shape	root	urn:codex:bootstrap:1.0.0#TraitLessOrEqual	true	http://www.w3.org/1999/02/22-rdf-syntax-ns#type | urn:codex:bootstrap:1.0.0#codex/content | urn:codex:bootstrap:1.0.0#codex/declaredId | urn:codex:bootstrap:1.0.0#codex/isEntity | urn:codex:bootstrap:1.0.0#codex/parentNode	4	0
TraitMissing	urn:codex:bootstrap:1.0.0#TraitMissing#shape	root	urn:codex:bootstrap:1.0.0#TraitMissing	true	http://www.w3.org/1999/02/22-rdf-syntax-ns#type | urn:codex:bootstrap:1.0.0#codex/content | urn:codex:bootstrap:1.0.0#codex/declaredId | urn:codex:bootstrap:1.0.0#codex/isEntity | urn:codex:bootstrap:1.0.0#codex/parentNode	3	0
TraitPath	urn:codex:bootstrap:1.0.0#TraitPath#shape	root	urn:codex:bootstrap:1.0.0#TraitPath	true	http://www.w3.org/1999/02/22-rdf-syntax-ns#type | urn:codex:bootstrap:1.0.0#codex/content | urn:codex:bootstrap:1.0.0#codex/declaredId | urn:codex:bootstrap:1.0.0#codex/isEntity | urn:codex:bootstrap:1.0.0#codex/parentNode	3	0
TraitRules	urn:codex:bootstrap:1.0.0#TraitRules#shape	root	urn:codex:bootstrap:1.0.0#TraitRules	true	http://www.w3.org/1999/02/22-rdf-syntax-ns#type | urn:codex:bootstrap:1.0.0#codex/content | urn:codex:bootstrap:1.0.0#codex/declaredId | urn:codex:bootstrap:1.0.0#codex/isEntity | urn:codex:bootstrap:1.0.0#codex/parentNode	5	0
TraitRules	urn:codex:bootstrap:1.0.0#TraitRules#shape/or/37d682d06b98556f4eeab841011a9e2e0554d6547504a0179606946fdc560efc/shape/0	subshape				1	0
TraitRules	urn:codex:bootstrap:1.0.0#TraitRules#shape/or/37d682d06b98556f4eeab841011a9e2e0554d6547504a0179606946fdc560efc/shape/1	subshape				1	0
TraitRules	urn:codex:bootstrap:1.0.0#TraitRules#shape/or/37d682d06b98556f4eeab841011a9e2e0554d6547504a0179606946fdc560efc/shape/2	subshape				1	0
TraitValueType	urn:codex:bootstrap:1.0.0#TraitValueType#shape	root	urn:codex:bootstrap:1.0.0#TraitValueType	true	http://www.w3.org/1999/02/22-rdf-syntax-ns#type | urn:codex:bootstrap:1.0.0#codex/content | urn:codex:bootstrap:1.0.0#codex/declaredId | urn:codex:bootstrap:1.0.0#codex/isEntity | urn:codex:bootstrap:1.0.0#codex/parentNode	4	0
UniqueConstraint	urn:codex:bootstrap:1.0.0#UniqueConstraint#shape	root	urn:codex:bootstrap:1.0.0#UniqueConstraint	true	http://www.w3.org/1999/02/22-rdf-syntax-ns#type | urn:codex:bootstrap:1.0.0#codex/content | urn:codex:bootstrap:1.0.0#codex/declaredId | urn:codex:bootstrap:1.0.0#codex/isEntity | urn:codex:bootstrap:1.0.0#codex/parentNode	4	0
ValidatorDefinition	urn:codex:bootstrap:1.0.0#ValidatorDefinition#shape	root	urn:codex:bootstrap:1.0.0#ValidatorDefinition	true	http://www.w3.org/1999/02/22-rdf-syntax-ns#type | urn:codex:bootstrap:1.0.0#codex/content | urn:codex:bootstrap:1.0.0#codex/declaredId | urn:codex:bootstrap:1.0.0#codex/isEntity | urn:codex:bootstrap:1.0.0#codex/parentNode	5	1
ValidatorDefinitions	urn:codex:bootstrap:1.0.0#ValidatorDefinitions#shape	root	urn:codex:bootstrap:1.0.0#ValidatorDefinitions	true	http://www.w3.org/1999/02/22-rdf-syntax-ns#type | urn:codex:bootstrap:1.0.0#codex/content | urn:codex:bootstrap:1.0.0#codex/declaredId | urn:codex:bootstrap:1.0.0#codex/isEntity | urn:codex:bootstrap:1.0.0#codex/parentNode	3	0
ValueInNumericRange	urn:codex:bootstrap:1.0.0#ValueInNumericRange#shape	root	urn:codex:bootstrap:1.0.0#ValueInNumericRange	true	http://www.w3.org/1999/02/22-rdf-syntax-ns#type | urn:codex:bootstrap:1.0.0#codex/content | urn:codex:bootstrap:1.0.0#codex/declaredId | urn:codex:bootstrap:1.0.0#codex/isEntity | urn:codex:bootstrap:1.0.0#codex/parentNode	4	0
ValueInNumericRange	urn:codex:bootstrap:1.0.0#ValueInNumericRange#shape/or/37d682d06b98556f4eeab841011a9e2e0554d6547504a0179606946fdc560efc/shape/0	subshape				1	0
ValueInNumericRange	urn:codex:bootstrap:1.0.0#ValueInNumericRange#shape/or/37d682d06b98556f4eeab841011a9e2e0554d6547504a0179606946fdc560efc/shape/1	subshape				1	0
ValueIsNonEmpty	urn:codex:bootstrap:1.0.0#ValueIsNonEmpty#shape	root	urn:codex:bootstrap:1.0.0#ValueIsNonEmpty	true	http://www.w3.org/1999/02/22-rdf-syntax-ns#type | urn:codex:bootstrap:1.0.0#codex/content | urn:codex:bootstrap:1.0.0#codex/declaredId | urn:codex:bootstrap:1.0.0#codex/isEntity | urn:codex:bootstrap:1.0.0#codex/parentNode	2	0
ValueIsOneOf	urn:codex:bootstrap:1.0.0#ValueIsOneOf#shape	root	urn:codex:bootstrap:1.0.0#ValueIsOneOf	true	http://www.w3.org/1999/02/22-rdf-syntax-ns#type | urn:codex:bootstrap:1.0.0#codex/content | urn:codex:bootstrap:1.0.0#codex/declaredId | urn:codex:bootstrap:1.0.0#codex/isEntity | urn:codex:bootstrap:1.0.0#codex/parentNode	3	0
ValueIsValid	urn:codex:bootstrap:1.0.0#ValueIsValid#shape	root	urn:codex:bootstrap:1.0.0#ValueIsValid	true	http://www.w3.org/1999/02/22-rdf-syntax-ns#type | urn:codex:bootstrap:1.0.0#codex/content | urn:codex:bootstrap:1.0.0#codex/declaredId | urn:codex:bootstrap:1.0.0#codex/isEntity | urn:codex:bootstrap:1.0.0#codex/parentNode	3	0
ValueLength	urn:codex:bootstrap:1.0.0#ValueLength#shape	root	urn:codex:bootstrap:1.0.0#ValueLength	true	http://www.w3.org/1999/02/22-rdf-syntax-ns#type | urn:codex:bootstrap:1.0.0#codex/content | urn:codex:bootstrap:1.0.0#codex/declaredId | urn:codex:bootstrap:1.0.0#codex/isEntity | urn:codex:bootstrap:1.0.0#codex/parentNode	4	0
ValueLength	urn:codex:bootstrap:1.0.0#ValueLength#shape/or/37d682d06b98556f4eeab841011a9e2e0554d6547504a0179606946fdc560efc/shape/0	subshape				1	0
ValueLength	urn:codex:bootstrap:1.0.0#ValueLength#shape/or/37d682d06b98556f4eeab841011a9e2e0554d6547504a0179606946fdc560efc/shape/1	subshape				1	0
ValueMatchesPattern	urn:codex:bootstrap:1.0.0#ValueMatchesPattern#shape	root	urn:codex:bootstrap:1.0.0#ValueMatchesPattern	true	http://www.w3.org/1999/02/22-rdf-syntax-ns#type | urn:codex:bootstrap:1.0.0#codex/content | urn:codex:bootstrap:1.0.0#codex/declaredId | urn:codex:bootstrap:1.0.0#codex/isEntity | urn:codex:bootstrap:1.0.0#codex/parentNode	4	0
ValueTypeDefinition	urn:codex:bootstrap:1.0.0#ValueTypeDefinition#shape	root	urn:codex:bootstrap:1.0.0#ValueTypeDefinition	true	http://www.w3.org/1999/02/22-rdf-syntax-ns#type | urn:codex:bootstrap:1.0.0#codex/content | urn:codex:bootstrap:1.0.0#codex/declaredId | urn:codex:bootstrap:1.0.0#codex/isEntity | urn:codex:bootstrap:1.0.0#codex/parentNode	5	1
ValueTypeDefinitions	urn:codex:bootstrap:1.0.0#ValueTypeDefinitions#shape	root	urn:codex:bootstrap:1.0.0#ValueTypeDefinitions	true	http://www.w3.org/1999/02/22-rdf-syntax-ns#type | urn:codex:bootstrap:1.0.0#codex/content | urn:codex:bootstrap:1.0.0#codex/declaredId | urn:codex:bootstrap:1.0.0#codex/isEntity | urn:codex:bootstrap:1.0.0#codex/parentNode	3	0
When	urn:codex:bootstrap:1.0.0#When#shape	root	urn:codex:bootstrap:1.0.0#When	true	http://www.w3.org/1999/02/22-rdf-syntax-ns#type | urn:codex:bootstrap:1.0.0#codex/content | urn:codex:bootstrap:1.0.0#codex/declaredId | urn:codex:bootstrap:1.0.0#codex/isEntity | urn:codex:bootstrap:1.0.0#codex/parentNode	3	0
