req_id,spec_section,spec_lines,normative_text_summary,normative_keyword,representable_in_bootstrap_schema,schema_group,schema_lines,coverage_status,evidence,severity,notes,encodability_tier
REQ-0001,Codex Language Specification — Version 1.0.0 > 6. Identity > 6.2 Entity Identity > 6.2.1 The `id` Trait,1915,"Every Entity MUST have exactly one `id` trait. If an Entity lacks an `id` trait, Codex-conforming tools MUST reject that document with an `IdentityError` (§14).",MUST,yes,Schema,18352-19489,covered,spec line 1915; schema group Schema,P2,Entity id requirement covered: Schema shape has codex:isEntity=true and codex:declaredId minCount=1.,graph
REQ-0002,Codex Language Specification — Version 1.0.0 > 6. Identity > 6.2 Entity Identity > 6.2.1 The `id` Trait,1917,"Every non-Entity MUST NOT have an `id` trait. If a non-Entity declares an `id` trait, Codex-conforming tools MUST reject that document with an `IdentityError` (§14).",MUST NOT,yes,Schema,18352-19489,covered,spec line 1917; schema group Schema,P2,Non-entity id prohibition now consistent: codex:isEntity=true matches required codex:declaredId.,graph
REQ-0003,Codex Language Specification — Version 1.0.0 > 9. Schema-First Architecture > 9.5 Simplified Authoring Mode (Codex-Native Schema Authoring Surface),2730,"To support a total, deterministic projection to derived validation artifacts, simplified-mode schema authoring MUST support the following extensions.",MUST,partial,Schema,18352-19489,partial,spec line 2730; schema group Schema,P3,Requirement is partly outside declarative shape constraints and needs runtime semantics.,runtime
REQ-0004,Codex Language Specification — Version 1.0.0 > 9. Schema-First Architecture > 9.5 Simplified Authoring Mode (Codex-Native Schema Authoring Surface) > 9.5.1 Pattern Flags,2734,The following atomic constraints MUST support an optional `flags` trait whose value is text:,MUST,yes,Schema,18352-19489,covered,spec line 2734; schema group Schema,P3,Constraint appears in corresponding schema group.,graph
REQ-0005,Codex Language Specification — Version 1.0.0 > 9. Schema-First Architecture > 9.5 Simplified Authoring Mode (Codex-Native Schema Authoring Surface) > 9.5.1 Pattern Flags,2740,"If `flags` is omitted, it MUST be treated as empty text.",MUST,partial,Schema,18352-19489,partial,spec line 2740; schema group Schema,P3,Requirement is partly outside declarative shape constraints and needs runtime semantics.,runtime
REQ-0006,Codex Language Specification — Version 1.0.0 > 9. Schema-First Architecture > 9.5 Simplified Authoring Mode (Codex-Native Schema Authoring Surface) > 9.5.1 Pattern Flags,2742,The `pattern` and `flags` semantics MUST be SPARQL 1.1 `REGEX` semantics.,MUST,partial,Schema,18352-19489,partial,spec line 2742; schema group Schema,P3,Requirement is partly outside declarative shape constraints and needs runtime semantics.,runtime
REQ-0007,Codex Language Specification — Version 1.0.0 > 9. Schema-First Architecture > 9.5 Simplified Authoring Mode (Codex-Native Schema Authoring Surface) > 9.5.2 Explicit Validator Definitions,2746,Simplified Authoring Mode MUST support explicit validator definitions that make `ValueIsValid` deterministic.,MUST,partial,ValueIsValid,25221-25424,partial,spec line 2746; schema group ValueIsValid,P3,Requirement is partly outside declarative shape constraints and needs runtime semantics.,runtime
REQ-0008,Codex Language Specification — Version 1.0.0 > 9. Schema-First Architecture > 9.5 Simplified Authoring Mode (Codex-Native Schema Authoring Surface) > 9.5.2 Explicit Validator Definitions,2754,Each `ValidatorDefinition` MUST have these traits:,MUST,yes,ValidatorDefinition,24000-24303,covered,spec line 2754; schema group ValidatorDefinition,P3,Constraint appears in corresponding schema group.,graph
REQ-0009,Codex Language Specification — Version 1.0.0 > 9. Schema-First Architecture > 9.5 Simplified Authoring Mode (Codex-Native Schema Authoring Surface) > 9.5.2 Explicit Validator Definitions,2760,`ValidatorDefinition` names MUST be unique within the Schema.,MUST,yes,ValidatorDefinition,24000-24303,covered,spec line 2760; schema group ValidatorDefinition,P3,ValidatorDefinition name uniqueness enforced via SPARQL constraint scoped to Schema level.,graph
REQ-0010,Codex Language Specification — Version 1.0.0 > 9. Schema-First Architecture > 9.5 Simplified Authoring Mode (Codex-Native Schema Authoring Surface) > 9.5.2 Explicit Validator Definitions,2762,Each `ValidatorDefinition` MUST be in content mode.,MUST,partial,ValidatorDefinition,24000-24303,partial,spec line 2762; schema group ValidatorDefinition,P3,Requirement is partly outside declarative shape constraints and needs runtime semantics.,runtime
REQ-0011,Codex Language Specification — Version 1.0.0 > 9. Schema-First Architecture > 9.5 Simplified Authoring Mode (Codex-Native Schema Authoring Surface) > 9.5.2 Explicit Validator Definitions,2764,The content of `ValidatorDefinition` MUST be a SPARQL `SELECT` query text.,MUST,partial,ValidatorDefinition,24000-24303,partial,spec line 2764; schema group ValidatorDefinition,P3,Requirement is partly outside declarative shape constraints and needs runtime semantics.,runtime
REQ-0012,Codex Language Specification — Version 1.0.0 > 9. Schema-First Architecture > 9.5 Simplified Authoring Mode (Codex-Native Schema Authoring Surface) > 9.5.2 Explicit Validator Definitions,2766,The `SELECT` results MUST follow the SHACL-SPARQL convention (returning one row per violation with `?this` bound to the focus node).,MUST,partial,Schema,18352-19489,partial,spec line 2766; schema group Schema,P3,Requirement is partly outside declarative shape constraints and needs runtime semantics.,runtime
REQ-0013,Codex Language Specification — Version 1.0.0 > 9. Schema-First Architecture > 9.5 Simplified Authoring Mode (Codex-Native Schema Authoring Surface) > 9.5.2 Explicit Validator Definitions,2768,"If a derived validation artifact is expressed using SHACL-SPARQL, the embedding contract for `ValueIsValid validatorName=$X` MUST be:",MUST,partial,ValueIsValid,25221-25424,partial,spec line 2768; schema group ValueIsValid,P3,Requirement is partly outside declarative shape constraints and needs runtime semantics.,runtime
REQ-0014,Codex Language Specification — Version 1.0.0 > 9. Schema-First Architecture > 9.5 Simplified Authoring Mode (Codex-Native Schema Authoring Surface) > 9.5.2 Explicit Validator Definitions,2773,"If `$X` cannot be resolved to exactly one `ValidatorDefinition`, schema processing MUST fail with a `SchemaError` (§14).",MUST,yes,ValidatorDefinition,24000-24303,covered,spec line 2773; schema group ValidatorDefinition,P3,Constraint appears in corresponding schema group.,graph
REQ-0015,Codex Language Specification — Version 1.0.0 > 9. Schema-First Architecture > 9.5 Simplified Authoring Mode (Codex-Native Schema Authoring Surface) > 9.5.3 Explicit Path and Quantifier Rule Forms,2779,"To produce a total, deterministic mapping, Simplified Authoring Mode MUST provide explicit rule-node forms that bind exactly one path to exactly one nested rule.",MUST,yes,Rule,16125-18351,covered,spec line 2779; schema group Rule,P3,Constraint appears in corresponding schema group.,graph
REQ-0016,Codex Language Specification — Version 1.0.0 > 9. Schema-First Architecture > 9.5 Simplified Authoring Mode (Codex-Native Schema Authoring Surface) > 9.5.3 Explicit Path and Quantifier Rule Forms,2781,Simplified Authoring Mode MUST provide the following rule nodes:,MUST,partial,Rule,16125-18351,partial,spec line 2781; schema group Rule,P3,Requirement is partly outside declarative shape constraints and needs runtime semantics.,runtime
REQ-0017,Codex Language Specification — Version 1.0.0 > 9. Schema-First Architecture > 9.5 Simplified Authoring Mode (Codex-Native Schema Authoring Surface) > 9.5.3 Explicit Path and Quantifier Rule Forms,2787,Each of these MUST have exactly one `Path` child and exactly one `Rule` child.,MUST,yes,Rule,16125-18351,covered,spec line 2787; schema group Rule,P3,Constraint appears in corresponding schema group.,graph
REQ-0018,Codex Language Specification — Version 1.0.0 > 9. Schema-First Architecture > 9.5 Simplified Authoring Mode (Codex-Native Schema Authoring Surface) > 9.5.3 Explicit Path and Quantifier Rule Forms,2789,`OnPathCount` MUST additionally have:,MUST,partial,OnPathCount,11794-12411,partial,spec line 2789; schema group OnPathCount,P3,Requirement is partly outside declarative shape constraints and needs runtime semantics.,runtime
REQ-0019,Codex Language Specification — Version 1.0.0 > 9. Schema-First Architecture > 9.5 Simplified Authoring Mode (Codex-Native Schema Authoring Surface) > 9.5.3 Explicit Path and Quantifier Rule Forms,2794,The `Path` child MUST be exactly one of:,MUST,yes,Rule,16125-18351,covered,spec line 2794; schema group Rule,P3,Constraint appears in corresponding schema group.,graph
REQ-0020,Codex Language Specification — Version 1.0.0 > 9. Schema-First Architecture > 9.5 Simplified Authoring Mode (Codex-Native Schema Authoring Surface) > 9.5.3 Explicit Path and Quantifier Rule Forms,2801,"`ChildSatisfies(conceptSelector=X, Rule=R)` MUST be interpreted as equivalent to `OnPathForAll(Path=ChildPath(X), Rule=R)`.",MUST,partial,ChildPath,1763-1972,partial,spec line 2801; schema group ChildPath,P3,Requirement is partly outside declarative shape constraints and needs runtime semantics.,runtime
REQ-0021,Codex Language Specification — Version 1.0.0 > 9. Schema-First Architecture > 9.5 Simplified Authoring Mode (Codex-Native Schema Authoring Surface) > 9.5.4 Collection and Order Constraint Scoping,2814,the constraint node MUST have exactly one `Path` child that selects the collection members the constraint applies to.,MUST,yes,Schema,18352-19489,covered,spec line 2814; schema group Schema,P3,Constraint appears in corresponding schema group.,graph
REQ-0022,Codex Language Specification — Version 1.0.0 > 9. Schema-First Architecture > 9.5 Simplified Authoring Mode (Codex-Native Schema Authoring Surface) > 9.5.4 Collection and Order Constraint Scoping,2816,That member-selection path MUST be either `ChildPath` or `DescendantPath`.,MUST,partial,ChildPath,1763-1972,partial,spec line 2816; schema group ChildPath,P3,Requirement is partly outside declarative shape constraints and needs runtime semantics.,runtime
REQ-0023,Codex Language Specification — Version 1.0.0 > 9. Schema-First Architecture > 9.5 Simplified Authoring Mode (Codex-Native Schema Authoring Surface) > 9.5.4 Collection and Order Constraint Scoping,2818,"If the member-selection path is not one of these, expansion MUST fail with a `SchemaError` (§14).",MUST,partial,Schema,18352-19489,partial,spec line 2818; schema group Schema,P3,Requirement is partly outside declarative shape constraints and needs runtime semantics.,runtime
REQ-0024,Codex Language Specification — Version 1.0.0 > 9. Schema-First Architecture > 9.5 Simplified Authoring Mode (Codex-Native Schema Authoring Surface) > 9.5.4 Collection and Order Constraint Scoping,2820,"For `CollectionAllowsDuplicates` with `allowed=false`, the constraint node MUST include a required `keyTrait` trait whose value is a Trait name.",MUST,yes,CollectionAllowsDuplicates,2667-3129,covered,spec line 2820; schema group CollectionAllowsDuplicates,P3,Constraint appears in corresponding schema group.,graph
REQ-0025,Codex Language Specification — Version 1.0.0 > 9. Schema-First Architecture > 9.5 Simplified Authoring Mode (Codex-Native Schema Authoring Surface) > 9.5.4 Collection and Order Constraint Scoping,2822,"If `keyTrait` is `id`, it MUST refer to the declared identifier as specified by the instance-graph identity rules.",MUST,yes,Schema,18352-19489,covered,spec line 2822; schema group Schema,P3,Constraint appears in corresponding schema group.,graph
REQ-0026,Codex Language Specification — Version 1.0.0 > 9. Schema-First Architecture > 9.7 Codex→RDF Instance Graph Mapping > 9.7.3 Entity Marker,3021,"If and only if a Concept instance is an Entity, the mapped RDF node MUST be marked as an Entity using a dedicated predicate `codex:isEntity`.",MUST,yes,Schema,18352-19489,covered,spec line 3021; schema group Schema,P2,isEntity predicate now correctly set to true on Schema shape; matches entity status.,graph
REQ-0027,Codex Language Specification — Version 1.0.0 > 9. Schema-First Architecture > 9.7 Codex→RDF Instance Graph Mapping > 9.7.8 Traits and Value Terms,3146,"- Instead, `id` MUST be represented only by `codex:declaredId`, with the `id` value as an IRI (not a literal).",MUST,yes,Schema,18352-19489,covered,spec line 3146; schema group Schema,P2,Schema root shape correctly uses codex:declaredId as IRI.,graph
REQ-0028,Codex Language Specification — Version 1.0.0 > 11. Schema Definition Language > 11.1 Core Principles,4152,"* Schema semantics MUST be **closed-world**, **deterministic**, and **free of heuristics**.",MUST,partial,Schema,18352-19489,partial,spec line 4152; schema group Schema,P3,Requirement is partly outside declarative shape constraints and needs runtime semantics.,runtime
REQ-0029,Codex Language Specification — Version 1.0.0 > 11. Schema Definition Language > 11.1 Core Principles,4154,"Schema validation, schema expansion, and derived-artifact generation MUST satisfy the schema-first requirements defined in §9.",MUST,partial,Schema,18352-19489,partial,spec line 4154; schema group Schema,P3,Requirement is partly outside declarative shape constraints and needs runtime semantics.,runtime
REQ-0030,Codex Language Specification — Version 1.0.0 > 11. Schema Definition Language > 11.2 Schema > Traits,4163,A `Schema` Concept MUST declare the following Traits:,MUST,yes,Schema,18352-19489,covered,spec line 4163; schema group Schema,P2,Schema trait set fully covered: id/entity consistency resolved by codex:isEntity=true fix.,graph
REQ-0031,Codex Language Specification — Version 1.0.0 > 11. Schema Definition Language > 11.2 Schema > Traits,4190,"The canonical namespace label for this schema. The value MUST be a camelCase name (§4.1). This label is used by importing documents to construct qualified names (§4.1.1) that reference Concept and Trait definitions from this schema. Each schema's `namespace` value MUST be unique among all schemas loaded together (governing schema plus imported schemas); if two schemas declare the same `namespace` value, processing MUST fail with a `SchemaError` (§14).",MUST,yes,Schema,18352-19489,covered,spec line 4190; schema group Schema,P2,Schema.namespace enforced as camelCase via sh:pattern; cross-schema uniqueness remains runtime.,runtime
REQ-0032,Codex Language Specification — Version 1.0.0 > 11. Schema Definition Language > 11.2 Schema > Children,4199,A `Schema` MUST satisfy the mode-conditional child-Concept rules defined in §9.4.,MUST,partial,Schema,18352-19489,partial,spec line 4199; schema group Schema,P3,Requirement is partly outside declarative shape constraints and needs runtime semantics.,runtime
REQ-0033,Codex Language Specification — Version 1.0.0 > 11. Schema Definition Language > 11.2 Schema > Children,4203,* A `Schema` MUST contain exactly one `ConceptDefinitions` child Concept.,MUST,yes,Schema,18352-19489,covered,spec line 4203; schema group Schema,P2,Enforced via Schema xone simplified-mode subshape (ConceptDefinitions min=1).,graph
REQ-0034,Codex Language Specification — Version 1.0.0 > 11. Schema Definition Language > 11.2 Schema > Children,4213,* A `Schema` MUST NOT contain `RdfGraph`.,MUST NOT,yes,Schema,18352-19489,covered,spec line 4213; schema group Schema,P2,Enforced via Schema xone simplified-mode subshape (RdfGraph max=0).,graph
REQ-0035,Codex Language Specification — Version 1.0.0 > 11. Schema Definition Language > 11.2 Schema > Children,4217,* A `Schema` MUST contain exactly one `RdfGraph` child Concept.,MUST,yes,Schema,18352-19489,covered,spec line 4217; schema group Schema,P2,Enforced via Schema xone canonical-mode subshape (RdfGraph min=1).,graph
REQ-0036,Codex Language Specification — Version 1.0.0 > 11. Schema Definition Language > 11.2 Schema > Children,4218,* A `Schema` MUST NOT contain any of the following child Concepts:,MUST NOT,yes,Schema,18352-19489,covered,spec line 4218; schema group Schema,P2,Enforced via Schema xone canonical-mode subshape (non-canonical children max=0).,graph
REQ-0037,Codex Language Specification — Version 1.0.0 > 11. Schema Definition Language > 11.2 Schema > Children,4227,* A `Schema` in `$CanonicalMode` is allowed to contain a `SchemaImports` child Concept. The parser MUST merge imported SHACL shapes at the RDF level.,MUST,partial,Schema,18352-19489,partial,spec line 4227; schema group Schema,P3,Requirement is partly outside declarative shape constraints and needs runtime semantics.,runtime
REQ-0038,Codex Language Specification — Version 1.0.0 > 11. Schema Definition Language > 11.2 Schema > Semantic Requirements,4233,* Any schema whose structure or semantics cannot be interpreted deterministically under this specification MUST be rejected with a `SchemaError` (§14).,MUST,partial,Schema,18352-19489,partial,spec line 4233; schema group Schema,P3,Requirement is partly outside declarative shape constraints and needs runtime semantics.,runtime
REQ-0039,Codex Language Specification — Version 1.0.0 > 11. Schema Definition Language > 11.2.1 Schema Imports > `SchemaImports`,4243,`SchemaImports` MUST only appear as a direct child of a root Concept.,MUST,yes,SchemaImports,19738-19940,covered,spec line 4243; schema group SchemaImports,P3,Constraint appears in corresponding schema group.,graph
REQ-0040,Codex Language Specification — Version 1.0.0 > 11. Schema Definition Language > 11.2.1 Schema Imports > `SchemaImports`,4245,A root Concept MUST NOT contain more than one `SchemaImports` child.,MUST NOT,yes,Schema,18352-19489,covered,spec line 4245; schema group Schema,P2,SchemaImports child constrained to max=1 in Schema root shape.,graph
REQ-0041,Codex Language Specification — Version 1.0.0 > 11. Schema Definition Language > 11.2.1 Schema Imports > `SchemaImports`,4247,"If `SchemaImports` appears on a non-root Concept, the document MUST be rejected with a `ParseError` (§14).",MUST,partial,SchemaImports,19738-19940,partial,spec line 4247; schema group SchemaImports,P3,Requirement is partly outside declarative shape constraints and needs runtime semantics.,runtime
REQ-0042,Codex Language Specification — Version 1.0.0 > 11. Schema Definition Language > 11.2.1 Schema Imports > `SchemaImports` > Canonical Ordering,4255,"Within a `SchemaImports` block, `SchemaImport` children MUST be sorted alphabetically by their canonical `namespace` value (lexicographic ascending) in canonical form.",MUST,partial,SchemaImports,19738-19940,partial,spec line 4255; schema group SchemaImports,P3,Ordering is canonicalization behavior; not encoded as graph constraint in schema.cdx.,runtime
REQ-0043,Codex Language Specification — Version 1.0.0 > 11. Schema Definition Language > 11.2.1 Schema Imports > `SchemaImport` > Traits,4263,The IRI of the imported schema. This MUST be the `Schema.id` of an imported schema provided via the `importedSchemas` input (§12.2). The value MUST be an IRI Reference Value.,MUST,yes,SchemaImport,19490-19737,covered,spec line 4263; schema group SchemaImport,P2,reference enforced as IRI node kind.,graph
REQ-0044,Codex Language Specification — Version 1.0.0 > 11. Schema Definition Language > 11.2.1 Schema Imports > `SchemaImport` > Traits,4267,"The namespace label used in qualified names (§4.1.1) to reference Concepts and Traits from this imported schema. The value MUST be a camelCase name (§4.1). In canonical form, this value MUST be normalized to the imported schema's declared `namespace` Trait value (§10.4).",MUST,yes,SchemaImport,19490-19737,covered,spec line 4267; schema group SchemaImport,P2,SchemaImport.namespace enforced as camelCase via sh:pattern; canonical normalization remains runtime.,runtime
REQ-0045,Codex Language Specification — Version 1.0.0 > 11. Schema Definition Language > 11.2.1 Schema Imports > `SchemaImport` > Semantic Requirements,4271,"* The `reference` IRI MUST appear as a key in the `importedSchemas` map provided to `validate()` (§12.2). If the IRI is not present in `importedSchemas`, processing MUST fail with a `SchemaError` (§14).",MUST,partial,Schema,18352-19489,partial,spec line 4271; schema group Schema,P3,Requirement is partly outside declarative shape constraints and needs runtime semantics.,runtime
REQ-0046,Codex Language Specification — Version 1.0.0 > 11. Schema Definition Language > 11.2.1 Schema Imports > `SchemaImport` > Semantic Requirements,4272,"* After namespace label normalization, all `SchemaImport` entries within a `SchemaImports` block MUST have distinct canonical `namespace` values. If two entries produce the same canonical namespace label, processing MUST fail with a `SchemaError` (§14).",MUST,yes,SchemaImport,19490-19737,covered,spec line 4272; schema group SchemaImport,P3,Constraint appears in corresponding schema group.,graph
REQ-0047,Codex Language Specification — Version 1.0.0 > 11. Schema Definition Language > 11.2.1 Schema Imports > `SchemaImport` > Semantic Requirements,4273,"* A qualified name using a namespace label MUST resolve to a Concept or Trait definition within the corresponding imported schema. If the qualified name references a Concept or Trait not defined in the imported schema, processing MUST fail with a `SchemaError` (§14).",MUST,yes,Schema,18352-19489,covered,spec line 4273; schema group Schema,P3,Constraint appears in corresponding schema group.,runtime
REQ-0048,Codex Language Specification — Version 1.0.0 > 11. Schema Definition Language > 11.2.1 Schema Imports > Governing Schema as Default Namespace,4279,Trait names on Concept instances in data documents MUST be unqualified. The Concept definition (from the governing schema or the imported schema that defines the Concept) determines which `TraitDefinition` each Trait name refers to.,MUST,yes,TraitDefinition,21253-21795,covered,spec line 4279; schema group TraitDefinition,P3,Constraint appears in corresponding schema group.,graph
REQ-0049,Codex Language Specification — Version 1.0.0 > 11. Schema Definition Language > 11.2.1 Schema Imports > Governing Schema as Default Namespace,4281,Enumerated Tokens (`$Value`) and Lookup Tokens (`~key`) MUST NOT be namespace-qualified. The Trait's constraint determines the `EnumeratedValueSet`; the document's resolution table (§9.8) resolves Lookup Tokens.,MUST NOT,yes,EnumeratedValueSet,8369-8689,covered,spec line 4281; schema group EnumeratedValueSet,P3,Constraint appears in corresponding schema group.,graph
REQ-0050,Codex Language Specification — Version 1.0.0 > 11. Schema Definition Language > 11.2.1 Schema Imports > Namespace Qualification in Schema Documents,4285,"In schema documents, references to Concepts and Traits from imported schemas in meta-language constructs (`RequiresTrait`, `AllowsTrait`, `AllowsChildConcept`, `RequiresChildConcept`, `ForbidsChildConcept`, `ForbidsTrait`, `conceptSelector`, etc.) MUST use qualified names (`namespace:name`). Local definitions MUST be unqualified.",MUST,yes,RequiresTrait,15891-16124,covered,spec line 4285; schema group RequiresTrait,P3,Constraint appears in corresponding schema group.,graph
REQ-0051,Codex Language Specification — Version 1.0.0 > 11. Schema Definition Language > 11.2.1 Schema Imports > Data Documents with Imports,4291,The `SchemaImports` in a data document MUST be consistent with the governing schema: any schema imported by the data document MUST also be imported by the governing schema (or be the governing schema itself).,MUST,partial,SchemaImport,19490-19737,partial,spec line 4291; schema group SchemaImport,P2,Consistency with governing schema imports requires external resolution context; not encoded directly.,runtime
REQ-0052,Codex Language Specification — Version 1.0.0 > 11. Schema Definition Language > 11.3 Concept Definitions > 11.3.2 `ContentRules` > Children > `AllowsContent`,4342,`whitespaceMode` MUST be one of:,MUST,yes,AllowsContent,808-1041,covered,spec line 4342; schema group AllowsContent,P3,Constraint appears in corresponding schema group.,graph
REQ-0053,Codex Language Specification — Version 1.0.0 > 11. Schema Definition Language > 11.3 Concept Definitions > 11.3.2 `ContentRules` > Children > `AllowsContent`,4344,* `$Preformatted` — content whitespace is significant and MUST be preserved exactly,MUST,partial,AllowsContent,808-1041,partial,spec line 4344; schema group AllowsContent,P3,Requirement is partly outside declarative shape constraints and needs runtime semantics.,runtime
REQ-0054,Codex Language Specification — Version 1.0.0 > 11. Schema Definition Language > 11.3 Concept Definitions > 11.3.2 `ContentRules` > Children > `AllowsContent`,4345,* `$Flow` — content whitespace is not significant; Codex-conforming tools MUST collapse runs of whitespace to single spaces and trim leading/trailing whitespace,MUST,partial,AllowsContent,808-1041,partial,spec line 4345; schema group AllowsContent,P3,Requirement is partly outside declarative shape constraints and needs runtime semantics.,runtime
REQ-0055,Codex Language Specification — Version 1.0.0 > 11. Schema Definition Language > 11.3 Concept Definitions > 11.3.3 `TraitRules` > Children > Concept-Level `AllowedValues` Narrowing,4398,"When `AllowedValues` appears as a child of `RequiresTrait` or `AllowsTrait`, it further narrows the `AllowedValues` declared on the referenced `TraitDefinition`. The concept-level allowed values MUST be a subset of the `TraitDefinition`-level allowed values. If both exist, the concept-level constraint governs.",MUST,yes,AllowedValues,214-515,covered,spec line 4398; schema group AllowedValues,P3,Constraint appears in corresponding schema group.,graph
REQ-0056,Codex Language Specification — Version 1.0.0 > 11. Schema Definition Language > 11.3 Concept Definitions > 11.3.4 `ChildRules` > Children > `ExactlyOneChildOf`,4447,Declares that exactly one of the listed Concept types MUST appear as a child of the governed instance.,MUST,yes,ChildRules,1973-2418,covered,spec line 4447; schema group ChildRules,P3,Constraint appears in corresponding schema group.,graph
REQ-0057,Codex Language Specification — Version 1.0.0 > 11. Schema Definition Language > 11.3 Concept Definitions > 11.3.5 `CollectionRules` > Form,4479,`CollectionRules` MUST be self-closing and MUST NOT have children.,MUST NOT,yes,CollectionRules,3834-4105,covered,spec line 4479; schema group CollectionRules,P2,No child property paths defined for CollectionRules (closed shape).,graph
REQ-0058,Codex Language Specification — Version 1.0.0 > 11. Schema Definition Language > 11.3 Concept Definitions > 11.3.5 `CollectionRules` > Applicability,4483,"When `CollectionRules` is present, child ordering and duplication semantics MUST be enforced as declared.",MUST,partial,CollectionRules,3834-4105,partial,spec line 4483; schema group CollectionRules,P3,Requirement is partly outside declarative shape constraints and needs runtime semantics.,runtime
REQ-0059,Codex Language Specification — Version 1.0.0 > 11. Schema Definition Language > 11.3 Concept Definitions > 11.3.5 `CollectionRules` > Ordering Semantics,4489,Ordering MUST be exactly one of:,MUST,yes,CollectionRules,3834-4105,covered,spec line 4489; schema group CollectionRules,P2,ordering trait constrained to $Ordered|$Unordered.,graph
REQ-0060,Codex Language Specification — Version 1.0.0 > 11. Schema Definition Language > 11.3 Concept Definitions > 11.3.5 `CollectionRules` > Ordering Semantics > `$Ordered`,4495,Source order MUST be preserved through all conforming processing.,MUST,partial,CollectionRules,3834-4105,partial,spec line 4495; schema group CollectionRules,P3,Requirement is partly outside declarative shape constraints and needs runtime semantics.,runtime
REQ-0061,Codex Language Specification — Version 1.0.0 > 11. Schema Definition Language > 11.3 Concept Definitions > 11.3.5 `CollectionRules` > Ordering Semantics > `$Ordered`,4497,Two `$Ordered` collections with identical children in different orders MUST be treated as semantically distinct.,MUST,yes,CollectionRules,3834-4105,covered,spec line 4497; schema group CollectionRules,P3,Constraint appears in corresponding schema group.,graph
REQ-0062,Codex Language Specification — Version 1.0.0 > 11. Schema Definition Language > 11.3 Concept Definitions > 11.3.5 `CollectionRules` > Ordering Semantics > `$Ordered`,4499,Validation and comparison of `$Ordered` collections MUST be order-sensitive.,MUST,partial,CollectionRules,3834-4105,partial,spec line 4499; schema group CollectionRules,P3,Requirement is partly outside declarative shape constraints and needs runtime semantics.,runtime
REQ-0063,Codex Language Specification — Version 1.0.0 > 11. Schema Definition Language > 11.3 Concept Definitions > 11.3.5 `CollectionRules` > Ordering Semantics > `$Unordered`,4505,Conforming implementations MUST preserve source order during parsing and general processing.,MUST,partial,CollectionRules,3834-4105,partial,spec line 4505; schema group CollectionRules,P3,Requirement is partly outside declarative shape constraints and needs runtime semantics.,runtime
REQ-0064,Codex Language Specification — Version 1.0.0 > 11. Schema Definition Language > 11.3 Concept Definitions > 11.3.5 `CollectionRules` > Ordering Semantics > `$Unordered`,4507,Validation of `$Unordered` collections MUST be order-insensitive.,MUST,partial,CollectionRules,3834-4105,partial,spec line 4507; schema group CollectionRules,P3,Requirement is partly outside declarative shape constraints and needs runtime semantics.,runtime
REQ-0065,Codex Language Specification — Version 1.0.0 > 11. Schema Definition Language > 11.3 Concept Definitions > 11.3.5 `CollectionRules` > Ordering Semantics > `$Unordered`,4509,Semantic comparison of `$Unordered` collections MUST be order-insensitive: two `$Unordered` collections with identical children in different orders MUST be treated as semantically equivalent.,MUST,yes,CollectionRules,3834-4105,covered,spec line 4509; schema group CollectionRules,P3,Constraint appears in corresponding schema group.,graph
REQ-0066,Codex Language Specification — Version 1.0.0 > 11. Schema Definition Language > 11.3 Concept Definitions > 11.3.5 `CollectionRules` > Ordering Semantics > `$Unordered`,4511,"In canonical surface form, children of an `$Unordered` collection MUST be sorted according to the deterministic ordering defined in §10.4.1.",MUST,yes,CollectionRules,3834-4105,covered,spec line 4511; schema group CollectionRules,P3,Constraint appears in corresponding schema group.,graph
REQ-0067,Codex Language Specification — Version 1.0.0 > 11. Schema Definition Language > 11.4. Trait Definitions > 11.4.1 `TraitDefinition` > Allowed Traits,4532,"When both `defaultValueType` and `defaultValueTypes` are provided, schema processing MUST fail with a `SchemaError` (§14).",MUST,yes,TraitDefinition,21253-21795,covered,spec line 4532; schema group TraitDefinition,P2,Mutual exclusion enforced by TraitDefinition xone subshapes.,graph
REQ-0068,Codex Language Specification — Version 1.0.0 > 11. Schema Definition Language > 11.4. Trait Definitions > 11.4.1 `TraitDefinition` > Allowed Traits,4534,`priority` is a meta-schema concern. Implementations MUST NOT use `priority` to change validation or compilation semantics. Meta-schemas are allowed to constrain `priority` values.,MUST NOT,partial,Schema,18352-19489,partial,spec line 4534; schema group Schema,P3,Requirement is partly outside declarative shape constraints and needs runtime semantics.,runtime
REQ-0069,Codex Language Specification — Version 1.0.0 > 11. Schema Definition Language > 11.4. Trait Definitions > 11.4.1 `TraitDefinition` > Value Type Semantics,4537,"When a trait is present on a Concept instance, its value MUST conform to the declared value type.",MUST,yes,When,26492-26702,covered,spec line 4537; schema group When,P3,Constraint appears in corresponding schema group.,graph
REQ-0070,Codex Language Specification — Version 1.0.0 > 11. Schema Definition Language > 11.4. Trait Definitions > 11.4.1 `TraitDefinition` > Value Type Semantics,4539,"When `defaultValueTypes` specifies multiple types, the value MUST conform to exactly one of the listed types.",MUST,yes,When,26492-26702,covered,spec line 4539; schema group When,P3,Constraint appears in corresponding schema group.,graph
REQ-0071,Codex Language Specification — Version 1.0.0 > 11. Schema Definition Language > 11.4. Trait Definitions > 11.4.1 `TraitDefinition` > Collection Type Semantics,4542,"When a trait's value type is a parameterized collection type, each element of the collection MUST conform to the declared item type.",MUST,yes,When,26492-26702,covered,spec line 4542; schema group When,P3,Constraint appears in corresponding schema group.,graph
REQ-0072,Codex Language Specification — Version 1.0.0 > 11. Schema Definition Language > 11.4. Trait Definitions > 11.4.1 `TraitDefinition` > Collection Type Semantics,4546,"When a trait's value type is a union containing both scalar and collection types, the value MUST conform to exactly one member of the union.",MUST,yes,When,26492-26702,covered,spec line 4546; schema group When,P3,Constraint appears in corresponding schema group.,graph
REQ-0073,Codex Language Specification — Version 1.0.0 > 11. Schema Definition Language > 11.5 Value Types,4608,Value type checking MUST be deterministic and MUST NOT perform implicit evaluation.,MUST NOT,partial,Schema,18352-19489,partial,spec line 4608; schema group Schema,P3,Requirement is partly outside declarative shape constraints and needs runtime semantics.,runtime
REQ-0074,Codex Language Specification — Version 1.0.0 > 11. Schema Definition Language > 11.5 Value Types > 11.5.1 Built-In Value Type Tokens,4669,"When a schema constrains a Trait value using a built-in value type token, semantic validation MUST convert that value into the corresponding typed IR value and MUST reject values that are syntactically well-formed but semantically invalid for the expected type.",MUST,yes,When,26492-26702,covered,spec line 4669; schema group When,P3,Constraint appears in corresponding schema group.,graph
REQ-0075,Codex Language Specification — Version 1.0.0 > 11. Schema Definition Language > 11.5 Value Types > 11.5.2 `ValueTypeDefinition` > Allowed Traits,4689,`ValueTypeDefinition` names MUST be unique within the Schema.,MUST,yes,ValueTypeDefinition,25998-26288,covered,spec line 4689; schema group ValueTypeDefinition,P2,Uniqueness enforced via SPARQL constraint on ValueTypeDefinition name.,graph
REQ-0076,Codex Language Specification — Version 1.0.0 > 11. Schema Definition Language > 11.5 Value Types > 11.5.2 `ValueTypeDefinition` > Allowed Traits,4691,"When `validatorName` is present, schema-driven validation MUST apply the referenced validator as specified in §9.5.2 and §9.11.6.6.",MUST,partial,When,26492-26702,partial,spec line 4691; schema group When,P3,Requirement is partly outside declarative shape constraints and needs runtime semantics.,runtime
REQ-0077,Codex Language Specification — Version 1.0.0 > 11. Schema Definition Language > 11.5 Value Types > 11.5.2 `ValueTypeDefinition` > Allowed Traits,4693,"When `validatorName` cannot be resolved to exactly one `ValidatorDefinition`, schema processing MUST fail with a `SchemaError` (§14).",MUST,yes,ValidatorDefinition,24000-24303,covered,spec line 4693; schema group ValidatorDefinition,P3,Constraint appears in corresponding schema group.,graph
REQ-0078,Codex Language Specification — Version 1.0.0 > 11. Schema Definition Language > 11.5 Value Types > 11.5.2 `ValueTypeDefinition` > Allowed Traits,4695,A `ValueTypeDefinition` MUST NOT change the surface grammar of its `baseValueType`.,MUST NOT,partial,ValueTypeDefinition,25998-26288,partial,spec line 4695; schema group ValueTypeDefinition,P3,Requirement is partly outside declarative shape constraints and needs runtime semantics.,runtime
REQ-0079,Codex Language Specification — Version 1.0.0 > 11. Schema Definition Language > 11.5 Value Types > 11.5.3 Enumerated Value Sets > `Member` > Allowed Traits,4731,Each `value` MUST be unique within its `EnumeratedValueSet`.,MUST,yes,Member,10832-11121,covered,spec line 4731; schema group Member,P2,Uniqueness enforced via SPARQL constraint on Member value within EnumeratedValueSet scope.,graph
REQ-0080,Codex Language Specification — Version 1.0.0 > 11. Schema Definition Language > 11.5 Value Types > 11.5.4 Built-In Enumerated Value Sets,4736,The following enumerated value sets are defined by the Codex language itself and MUST be recognized by all conforming implementations.,MUST,partial,Schema,18352-19489,partial,spec line 4736; schema group Schema,P3,Requirement is partly outside declarative shape constraints and needs runtime semantics.,runtime
REQ-0081,Codex Language Specification — Version 1.0.0 > 11. Schema Definition Language > 11.5 Value Types > 11.5.4 Built-In Enumerated Value Sets > `Cardinality`,4766,These enumerated sets MUST NOT be redefined by schemas.,MUST NOT,yes,EnumeratedValueSet,8369-8689,covered,spec line 4766; schema group EnumeratedValueSet,P2,Built-in enumerated set names prohibited via SPARQL constraint on EnumeratedValueSet.,graph
REQ-0082,Codex Language Specification — Version 1.0.0 > 11. Schema Definition Language > 11.6 Constraint Model > 11.6.1 `ConstraintDefinitions` > Children,4777,The order of `ConstraintDefinition` children MUST be preserved but MUST NOT affect semantics.,MUST NOT,yes,ConstraintDefinition,5320-5629,covered,spec line 4777; schema group ConstraintDefinition,P3,Constraint appears in corresponding schema group.,graph
REQ-0083,Codex Language Specification — Version 1.0.0 > 11. Schema Definition Language > 11.6 Constraint Model > 11.6.2 `ConstraintDefinition` > Children,4798,"When either child is missing or appears more than once, schema processing MUST fail with a `SchemaError` (§14).",MUST,yes,ConstraintDefinition,5320-5629,covered,spec line 4798; schema group ConstraintDefinition,P2,"Targets and Rule both min=1,max=1.",graph
REQ-0084,Codex Language Specification — Version 1.0.0 > 11. Schema Definition Language > 11.6 Constraint Model > 11.6.3 `Targets` > Children,4810,"When `Targets` contains no children, schema processing MUST fail with a `SchemaError` (§14).",MUST,yes,Targets,20361-20672,covered,spec line 4810; schema group Targets,P2,Targets root has sh:or with subshapes requiring at least one target child.,graph
REQ-0085,Codex Language Specification — Version 1.0.0 > 11. Schema Definition Language > 11.6 Constraint Model > 11.6.3 `Targets` > 11.6.3.1 `TargetConcept` > Traits,4819,The selector MUST resolve to exactly one `ConceptDefinition`.,MUST,yes,ConceptDefinition,4106-4658,covered,spec line 4819; schema group ConceptDefinition,P3,Constraint appears in corresponding schema group.,graph
REQ-0086,Codex Language Specification — Version 1.0.0 > 11. Schema Definition Language > 11.6 Constraint Model > 11.6.3 `Targets` > 11.6.3.1 `TargetConcept` > Traits,4820,"Otherwise, schema processing MUST fail with a `SchemaError` (§14).",MUST,partial,Schema,18352-19489,partial,spec line 4820; schema group Schema,P3,Requirement is partly outside declarative shape constraints and needs runtime semantics.,runtime
REQ-0087,Codex Language Specification — Version 1.0.0 > 11. Schema Definition Language > 11.6 Constraint Model > 11.6.3 `Targets` > 11.6.3.2 `TargetContext` > Traits,4829,"When `contextSelector` is not `""Document""`, it MUST resolve to exactly one `ConceptDefinition`.",MUST,yes,ConceptDefinition,4106-4658,covered,spec line 4829; schema group ConceptDefinition,P3,Constraint appears in corresponding schema group.,graph
REQ-0088,Codex Language Specification — Version 1.0.0 > 11. Schema Definition Language > 11.6 Constraint Model > 11.6.3 `Targets` > 11.6.3.2 `TargetContext` > Traits,4830,"Otherwise, schema processing MUST fail with a `SchemaError` (§14).",MUST,partial,Schema,18352-19489,partial,spec line 4830; schema group Schema,P3,Requirement is partly outside declarative shape constraints and needs runtime semantics.,runtime
REQ-0089,Codex Language Specification — Version 1.0.0 > 11. Schema Definition Language > 11.6 Constraint Model > 11.6.4 `Rule` > Children,4837,"Exactly one child, which MUST be one of:",MUST,yes,Rule,16125-18351,covered,spec line 4837; schema group Rule,P2,Rule root uses sh:xone across all allowable child rule forms.,graph
REQ-0090,Codex Language Specification — Version 1.0.0 > 11. Schema Definition Language > 11.6 Constraint Model > 11.6.4 `Rule` > Children,4843,"When `Rule` contains zero or more than one child, schema processing MUST fail with a `SchemaError` (§14).",MUST,partial,Rule,16125-18351,partial,spec line 4843; schema group Rule,P3,Requirement is partly outside declarative shape constraints and needs runtime semantics.,runtime
REQ-0091,Codex Language Specification — Version 1.0.0 > 11. Schema Definition Language > 11.6 Constraint Model > 11.6.4 `Rule` > Children,4845,`Rule` nodes are purely structural and MUST NOT carry Traits.,MUST NOT,yes,Rule,16125-18351,covered,spec line 4845; schema group Rule,P2,Rule shape is closed and has no trait property constraints.,graph
REQ-0092,Codex Language Specification — Version 1.0.0 > 11. Schema Definition Language > 11.7 Rule Algebra,4851,"Rule algebra MUST be translatable to a total, deterministic validation form.",MUST,partial,Rule,16125-18351,partial,spec line 4851; schema group Rule,P3,Requirement is partly outside declarative shape constraints and needs runtime semantics.,runtime
REQ-0093,Codex Language Specification — Version 1.0.0 > 11. Schema Definition Language > 11.7 Rule Algebra > 11.7.1 General Rules,4857,* Rule algebra nodes MUST NOT carry Traits.,MUST NOT,yes,Rule,16125-18351,covered,spec line 4857; schema group Rule,P3,Constraint appears in corresponding schema group.,graph
REQ-0094,Codex Language Specification — Version 1.0.0 > 11. Schema Definition Language > 11.7 Rule Algebra > 11.7.1 General Rules,4858,"* `AllOf`, `AnyOf`, and `Not` MUST contain only `Rule` nodes as children.",MUST,yes,AllOf,11-213,covered,spec line 4858; schema group AllOf,P2,AllOf/AnyOf child paths constrained to class Rule with min=2.,graph
REQ-0095,Codex Language Specification — Version 1.0.0 > 11. Schema Definition Language > 11.7 Rule Algebra > 11.7.1 General Rules,4859,* Any rule tree MUST be finite and acyclic.,MUST,partial,Rule,16125-18351,partial,spec line 4859; schema group Rule,P3,Requirement is partly outside declarative shape constraints and needs runtime semantics.,runtime
REQ-0096,Codex Language Specification — Version 1.0.0 > 11. Schema Definition Language > 11.7 Rule Algebra > 11.7.1 General Rules,4861,"When a rule algebra structure cannot be translated deterministically, schema processing MUST fail with a `SchemaError` (§14).",MUST,partial,When,26492-26702,partial,spec line 4861; schema group When,P3,Requirement is partly outside declarative shape constraints and needs runtime semantics.,runtime
REQ-0097,Codex Language Specification — Version 1.0.0 > 11. Schema Definition Language > 11.7 Rule Algebra > 11.7.6 Determinism Requirement,4917,Rule algebra evaluation MUST be:,MUST,partial,Rule,16125-18351,partial,spec line 4917; schema group Rule,P3,Requirement is partly outside declarative shape constraints and needs runtime semantics.,runtime
REQ-0098,Codex Language Specification — Version 1.0.0 > 11. Schema Definition Language > 11.7 Rule Algebra > 11.7.6 Determinism Requirement,4922,"When rule algebra composition cannot be evaluated deterministically, schema processing MUST fail with a `SchemaError` (§14).",MUST,partial,When,26492-26702,partial,spec line 4922; schema group When,P3,Requirement is partly outside declarative shape constraints and needs runtime semantics.,runtime
REQ-0099,Codex Language Specification — Version 1.0.0 > 11. Schema Definition Language > 11.8 Paths and Quantifiers,4928,All path and quantifier semantics MUST be compatible with the instance-graph mapping defined in §9.7 and the rule-to-SPARQL translation defined in §9.11.,MUST,partial,Schema,18352-19489,partial,spec line 4928; schema group Schema,P3,Requirement is partly outside declarative shape constraints and needs runtime semantics.,runtime
REQ-0100,Codex Language Specification — Version 1.0.0 > 11. Schema Definition Language > 11.8 Paths and Quantifiers > 11.8.1 Paths,4934,Each path node MUST declare exactly the traits required for its form.,MUST,yes,Schema,18352-19489,covered,spec line 4934; schema group Schema,P3,Constraint appears in corresponding schema group.,graph
REQ-0101,Codex Language Specification — Version 1.0.0 > 11. Schema Definition Language > 11.8 Paths and Quantifiers > 11.8.2 Quantifiers,4983,Quantifiers MUST appear only in rule nodes that explicitly bind a Path to a nested Rule (see §9.5.3).,MUST,partial,Rule,16125-18351,partial,spec line 4983; schema group Rule,P3,Requirement is partly outside declarative shape constraints and needs runtime semantics.,runtime
REQ-0102,Codex Language Specification — Version 1.0.0 > 11. Schema Definition Language > 11.8 Paths and Quantifiers > 11.8.2 Quantifiers > `Count` > Allowed Traits,5009,At least one of `minCount` or `maxCount` MUST be present.,MUST,yes,Count,7277-7608,covered,spec line 5009; schema group Count,P2,Count root has sh:or requiring minCount or maxCount.,graph
REQ-0103,Codex Language Specification — Version 1.0.0 > 11. Schema Definition Language > 11.8 Paths and Quantifiers > 11.8.3 Determinism and Totality,5019,* Paths MUST select a well-defined set of elements.,MUST,partial,Schema,18352-19489,partial,spec line 5019; schema group Schema,P3,Requirement is partly outside declarative shape constraints and needs runtime semantics.,runtime
REQ-0104,Codex Language Specification — Version 1.0.0 > 11. Schema Definition Language > 11.8 Paths and Quantifiers > 11.8.3 Determinism and Totality,5020,* Quantifiers MUST evaluate to a single boolean outcome.,MUST,partial,Schema,18352-19489,partial,spec line 5020; schema group Schema,P3,Requirement is partly outside declarative shape constraints and needs runtime semantics.,runtime
REQ-0105,Codex Language Specification — Version 1.0.0 > 11. Schema Definition Language > 11.8 Paths and Quantifiers > 11.8.3 Determinism and Totality,5021,"* When a path selector cannot be resolved uniquely, schema processing MUST fail with a `SchemaError` (§14).",MUST,partial,When,26492-26702,partial,spec line 5021; schema group When,P3,Requirement is partly outside declarative shape constraints and needs runtime semantics.,runtime
REQ-0106,Codex Language Specification — Version 1.0.0 > 11. Schema Definition Language > 11.8 Paths and Quantifiers > 11.8.3 Determinism and Totality,5022,"* When a quantifier cannot be evaluated without guessing, schema processing MUST fail with a `SchemaError` (§14).",MUST,partial,When,26492-26702,partial,spec line 5022; schema group When,P3,Requirement is partly outside declarative shape constraints and needs runtime semantics.,runtime
REQ-0107,Codex Language Specification — Version 1.0.0 > 11. Schema Definition Language > 11.8 Paths and Quantifiers > 11.8.3 Determinism and Totality,5024,Paths and quantifiers MUST NOT be evaluated outside the schema-driven validation pipeline defined in §9.,MUST NOT,partial,Schema,18352-19489,partial,spec line 5024; schema group Schema,P3,Requirement is partly outside declarative shape constraints and needs runtime semantics.,runtime
REQ-0108,Codex Language Specification — Version 1.0.0 > 11. Schema Definition Language > 11.9 Atomic Constraints,5030,"When an atomic constraint cannot be expressed under the instance-graph mapping (§9.7) and the constraint-to-artifact rules (§9.9–§9.11), schema processing MUST fail with a `SchemaError` (§14).",MUST,partial,When,26492-26702,partial,spec line 5030; schema group When,P3,Requirement is partly outside declarative shape constraints and needs runtime semantics.,runtime
REQ-0109,Codex Language Specification — Version 1.0.0 > 11. Schema Definition Language > 11.9 Atomic Constraints > 11.9.1 Trait Constraints > `TraitExists`,5038,The named Trait MUST be present.,MUST,yes,Schema,18352-19489,covered,spec line 5038; schema group Schema,P3,Constraint appears in corresponding schema group.,graph
REQ-0110,Codex Language Specification — Version 1.0.0 > 11. Schema Definition Language > 11.9 Atomic Constraints > 11.9.1 Trait Constraints > `TraitMissing`,5047,The named Trait MUST be absent.,MUST,yes,Schema,18352-19489,covered,spec line 5047; schema group Schema,P3,Constraint appears in corresponding schema group.,graph
REQ-0111,Codex Language Specification — Version 1.0.0 > 11. Schema Definition Language > 11.9 Atomic Constraints > 11.9.1 Trait Constraints > `TraitEquals`,5056,The named Trait MUST have at least one value equal to the specified value.,MUST,yes,Schema,18352-19489,covered,spec line 5056; schema group Schema,P3,Constraint appears in corresponding schema group.,graph
REQ-0112,Codex Language Specification — Version 1.0.0 > 11. Schema Definition Language > 11.9 Atomic Constraints > 11.9.1 Trait Constraints > `TraitCardinality` > Allowed Traits,5073,At least one of `min` or `max` MUST be present.,MUST,yes,TraitCardinality,20883-21252,covered,spec line 5073; schema group TraitCardinality,P2,TraitCardinality root has sh:or requiring min or max.,graph
REQ-0113,Codex Language Specification — Version 1.0.0 > 11. Schema Definition Language > 11.9 Atomic Constraints > 11.9.1 Value Constraints > `ValueIsOneOf`,5111,The value MUST be one of the explicitly listed values.,MUST,yes,Schema,18352-19489,covered,spec line 5111; schema group Schema,P3,Constraint appears in corresponding schema group.,graph
REQ-0114,Codex Language Specification — Version 1.0.0 > 11. Schema Definition Language > 11.9 Atomic Constraints > 11.9.1 Value Constraints > `ValueMatchesPattern`,5120,The value MUST match a regular expression.,MUST,partial,Schema,18352-19489,partial,spec line 5120; schema group Schema,P3,Requirement is partly outside declarative shape constraints and needs runtime semantics.,graph
REQ-0115,Codex Language Specification — Version 1.0.0 > 11. Schema Definition Language > 11.9 Atomic Constraints > 11.9.1 Value Constraints > `ValueLength` > Allowed Traits,5147,At least one of `min` or `max` MUST be present.,MUST,yes,ValueLength,25425-25756,covered,spec line 5147; schema group ValueLength,P2,ValueLength root has sh:or requiring min or max.,graph
REQ-0116,Codex Language Specification — Version 1.0.0 > 11. Schema Definition Language > 11.9 Atomic Constraints > 11.9.1 Value Constraints > `ValueInNumericRange` > Allowed Traits,5157,At least one of `min` or `max` MUST be present.,MUST,yes,ValueInNumericRange,24507-24838,covered,spec line 5157; schema group ValueInNumericRange,P2,ValueInNumericRange root has sh:or requiring min or max.,graph
REQ-0117,Codex Language Specification — Version 1.0.0 > 11. Schema Definition Language > 11.9 Atomic Constraints > 11.9.1 Value Constraints > `ValueInNumericRange` > Allowed Traits,5159,This constraint MUST apply only to numeric value types that support ordered comparison.,MUST,partial,Schema,18352-19489,partial,spec line 5159; schema group Schema,P3,Requirement is partly outside declarative shape constraints and needs runtime semantics.,runtime
REQ-0118,Codex Language Specification — Version 1.0.0 > 11. Schema Definition Language > 11.9 Atomic Constraints > 11.9.1 Value Constraints > `ValueInNumericRange` > Allowed Traits,5160,"When comparison semantics are not explicitly defined for the active value type, schema processing MUST fail with a `SchemaError` (§14).",MUST,partial,When,26492-26702,partial,spec line 5160; schema group When,P3,Requirement is partly outside declarative shape constraints and needs runtime semantics.,runtime
REQ-0119,Codex Language Specification — Version 1.0.0 > 11. Schema Definition Language > 11.9 Atomic Constraints > 11.9.1 Value Constraints > `ValueIsNonEmpty`,5166,The value MUST be present and non-empty.,MUST,partial,Schema,18352-19489,partial,spec line 5166; schema group Schema,P3,Requirement is partly outside declarative shape constraints and needs runtime semantics.,runtime
REQ-0120,Codex Language Specification — Version 1.0.0 > 11. Schema Definition Language > 11.9 Atomic Constraints > 11.9.1 Value Constraints > `ValueIsNonEmpty`,5169,"If applied to an incompatible value type, schema processing MUST fail with a `SchemaError` (§14).",MUST,partial,Schema,18352-19489,partial,spec line 5169; schema group Schema,P3,Requirement is partly outside declarative shape constraints and needs runtime semantics.,runtime
REQ-0121,Codex Language Specification — Version 1.0.0 > 11. Schema Definition Language > 11.9 Atomic Constraints > 11.9.1 Value Constraints > `ValueIsValid`,5175,The value MUST satisfy a named validator.,MUST,partial,Schema,18352-19489,partial,spec line 5175; schema group Schema,P3,Requirement is partly outside declarative shape constraints and needs runtime semantics.,runtime
REQ-0122,Codex Language Specification — Version 1.0.0 > 11. Schema Definition Language > 11.9 Atomic Constraints > 11.9.1 Value Constraints > `ValueIsValid` > Traits,5180,The validator MUST resolve to exactly one `ValidatorDefinition` in the governing schema.,MUST,yes,ValidatorDefinition,24000-24303,covered,spec line 5180; schema group ValidatorDefinition,P3,Constraint appears in corresponding schema group.,graph
REQ-0123,Codex Language Specification — Version 1.0.0 > 11. Schema Definition Language > 11.9 Atomic Constraints > 11.9.1 Value Constraints > `ValueIsValid` > Traits,5181,"If resolution fails, schema processing MUST fail with a `SchemaError` (§14).",MUST,partial,Schema,18352-19489,partial,spec line 5181; schema group Schema,P3,Requirement is partly outside declarative shape constraints and needs runtime semantics.,runtime
REQ-0124,Codex Language Specification — Version 1.0.0 > 11. Schema Definition Language > 11.9 Atomic Constraints > 11.9.2 Child Constraints > `ChildConstraint` > Traits,5193,Its semantics MUST be equivalent to the corresponding explicit child-rule form defined in §11.3.4.,MUST,partial,ChildConstraint,1479-1762,partial,spec line 5193; schema group ChildConstraint,P3,Requirement is partly outside declarative shape constraints and needs runtime semantics.,runtime
REQ-0125,Codex Language Specification — Version 1.0.0 > 11. Schema Definition Language > 11.9 Atomic Constraints > 11.9.2 Child Constraints > `ChildSatisfies` > Children,5205,The rule MUST be evaluated for each matching child Concept instance.,MUST,partial,ChildSatisfies,2419-2666,partial,spec line 5205; schema group ChildSatisfies,P3,Requirement is partly outside declarative shape constraints and needs runtime semantics.,runtime
REQ-0126,Codex Language Specification — Version 1.0.0 > 11. Schema Definition Language > 11.9 Atomic Constraints > 11.9.3 Collection Constraints > `CollectionAllowsDuplicates` > Allowed Traits,5239,"When `allowed` is `false`, `keyTrait` MUST be present.",MUST,yes,CollectionAllowsDuplicates,2667-3129,covered,spec line 5239; schema group CollectionAllowsDuplicates,P2,Root sh:or ensures keyTrait is required when allowed=true is not satisfied.,graph
REQ-0127,Codex Language Specification — Version 1.0.0 > 11. Schema Definition Language > 11.9 Atomic Constraints > 11.9.3 Collection Constraints > `MemberCount` > Allowed Traits,5252,At least one of `min` or `max` MUST be present.,MUST,yes,MemberCount,11122-11583,covered,spec line 5252; schema group MemberCount,P2,MemberCount root has sh:or requiring min or max.,graph
REQ-0128,Codex Language Specification — Version 1.0.0 > 11. Schema Definition Language > 11.9 Atomic Constraints > 11.9.3 Collection Constraints > `EachMemberSatisfies`,5261,Each collection member MUST satisfy a nested rule.,MUST,partial,EachMemberSatisfies,7819-8158,partial,spec line 5261; schema group EachMemberSatisfies,P3,Requirement is partly outside declarative shape constraints and needs runtime semantics.,runtime
REQ-0129,Codex Language Specification — Version 1.0.0 > 11. Schema Definition Language > 11.9 Atomic Constraints > 11.9.3 Collection Constraints > `EachMemberSatisfies` > Children,5267,The rule MUST be evaluated for each matching collection member.,MUST,partial,EachMemberSatisfies,7819-8158,partial,spec line 5267; schema group EachMemberSatisfies,P3,Requirement is partly outside declarative shape constraints and needs runtime semantics.,runtime
REQ-0130,Codex Language Specification — Version 1.0.0 > 11. Schema Definition Language > 11.9 Atomic Constraints > 11.9.4 Uniqueness Constraints > `UniqueConstraint` > Traits,5279,Uniqueness semantics MUST follow the deterministic scope rules defined in §9.9.7.,MUST,partial,Schema,18352-19489,partial,spec line 5279; schema group Schema,P3,Requirement is partly outside declarative shape constraints and needs runtime semantics.,runtime
REQ-0131,Codex Language Specification — Version 1.0.0 > 11. Schema Definition Language > 11.9 Atomic Constraints > 11.9.5 Order Constraints > `OrderConstraint` > Types,5292,* `Ascending`: Elements MUST be in ascending order by the specified trait value.,MUST,yes,OrderConstraint,13341-13742,covered,spec line 5292; schema group OrderConstraint,P3,Constraint appears in corresponding schema group.,graph
REQ-0132,Codex Language Specification — Version 1.0.0 > 11. Schema Definition Language > 11.9 Atomic Constraints > 11.9.5 Order Constraints > `OrderConstraint` > Types,5293,* `Descending`: Elements MUST be in descending order by the specified trait value.,MUST,yes,OrderConstraint,13341-13742,covered,spec line 5293; schema group OrderConstraint,P3,Constraint appears in corresponding schema group.,graph
REQ-0133,Codex Language Specification — Version 1.0.0 > 11. Schema Definition Language > 11.9 Atomic Constraints > 11.9.5 Order Constraints > `OrderConstraint` > Children,5298,"Order constraint semantics apply to `$Ordered` collections only. When an `OrderConstraint` is applied to an `$Unordered` collection, schema processing MUST fail with a `SchemaError` (§14).",MUST,partial,OrderConstraint,13341-13742,partial,spec line 5298; schema group OrderConstraint,P2,"Type/path shape is covered; ""$Ordered only"" applicability is semantic and not fully encoded in shape graph alone.",runtime
REQ-0134,Codex Language Specification — Version 1.0.0 > 11. Schema Definition Language > 11.9 Atomic Constraints > 11.9.6 Reference Constraints > `ReferenceConstraint` > Types,5310,* `ReferenceTargetsEntity`: Target MUST be an Entity. The `conceptSelector` and `traitName` traits MUST NOT be present.,MUST NOT,yes,ReferenceConstraint,14851-15598,covered,spec line 5310; schema group ReferenceConstraint,P2,Type-specific trait presence/absence encoded via xone subshapes.,graph
REQ-0135,Codex Language Specification — Version 1.0.0 > 11. Schema Definition Language > 11.9 Atomic Constraints > 11.9.6 Reference Constraints > `ReferenceConstraint` > Types,5311,* `ReferenceMustResolve`: Reference MUST resolve. The `conceptSelector` and `traitName` traits MUST NOT be present.,MUST NOT,yes,ReferenceConstraint,14851-15598,covered,spec line 5311; schema group ReferenceConstraint,P2,Type-specific trait presence/absence encoded via xone subshapes.,graph
REQ-0136,Codex Language Specification — Version 1.0.0 > 11. Schema Definition Language > 11.9 Atomic Constraints > 11.9.6 Reference Constraints > `ReferenceConstraint` > Types,5312,* `ReferenceSingleton`: At most one reference Trait MUST be present. The `conceptSelector` and `traitName` traits MUST NOT be present.,MUST NOT,yes,ReferenceConstraint,14851-15598,covered,spec line 5312; schema group ReferenceConstraint,P2,Type-specific trait presence/absence encoded via xone subshapes.,graph
REQ-0137,Codex Language Specification — Version 1.0.0 > 11. Schema Definition Language > 11.9 Atomic Constraints > 11.9.6 Reference Constraints > `ReferenceConstraint` > Types,5313,* `ReferenceTargetsConcept`: Target MUST be a specific Concept type. The `conceptSelector` trait MUST be present.,MUST,yes,ReferenceConstraint,14851-15598,covered,spec line 5313; schema group ReferenceConstraint,P2,Type-specific trait presence/absence encoded via xone subshapes.,graph
REQ-0138,Codex Language Specification — Version 1.0.0 > 11. Schema Definition Language > 11.9 Atomic Constraints > 11.9.6 Reference Constraints > `ReferenceConstraint` > Types,5314,* `ReferenceTraitAllowed`: A specific reference Trait is allowed. The `traitName` trait MUST be present.,MUST,yes,ReferenceConstraint,14851-15598,covered,spec line 5314; schema group ReferenceConstraint,P2,Type-specific trait presence/absence encoded via xone subshapes.,graph
REQ-0139,Codex Language Specification — Version 1.0.0 > 11. Schema Definition Language > 11.9 Atomic Constraints > 11.9.6 Reference Constraints > `ReferenceConstraint` > Types,5316,Reference constraint semantics MUST follow §9.9.9–§9.9.12 exactly.,MUST,partial,ReferenceConstraint,14851-15598,partial,spec line 5316; schema group ReferenceConstraint,P3,Requirement is partly outside declarative shape constraints and needs runtime semantics.,runtime
REQ-0140,Codex Language Specification — Version 1.0.0 > 11. Schema Definition Language > 11.9 Atomic Constraints > 11.9.7 Identity Constraints > `IdentityConstraint` > Types,5328,"* `MustBeEntity`: Instance MUST be an Entity. The `scope`, `pattern`, and `flags` traits MUST NOT be present.",MUST NOT,yes,IdentityConstraint,10032-10831,covered,spec line 5328; schema group IdentityConstraint,P2,Type-specific trait requirements encoded via xone subshapes.,graph
REQ-0141,Codex Language Specification — Version 1.0.0 > 11. Schema Definition Language > 11.9 Atomic Constraints > 11.9.7 Identity Constraints > `IdentityConstraint` > Types,5329,"* `MustNotBeEntity`: Instance MUST NOT be an Entity. The `scope`, `pattern`, and `flags` traits MUST NOT be present.",MUST NOT,yes,IdentityConstraint,10032-10831,covered,spec line 5329; schema group IdentityConstraint,P2,Type-specific trait requirements encoded via xone subshapes.,graph
REQ-0142,Codex Language Specification — Version 1.0.0 > 11. Schema Definition Language > 11.9 Atomic Constraints > 11.9.7 Identity Constraints > `IdentityConstraint` > Types,5330,* `IdentifierUniqueness`: Identifiers MUST be unique within scope. The `scope` trait MUST be present. The `pattern` and `flags` traits MUST NOT be present.,MUST NOT,yes,IdentityConstraint,10032-10831,covered,spec line 5330; schema group IdentityConstraint,P2,Type-specific trait requirements encoded via xone subshapes.,graph
REQ-0143,Codex Language Specification — Version 1.0.0 > 11. Schema Definition Language > 11.9 Atomic Constraints > 11.9.7 Identity Constraints > `IdentityConstraint` > Types,5331,* `IdentifierForm`: Identifier MUST match pattern. The `pattern` trait MUST be present. The `scope` trait MUST NOT be present.,MUST NOT,yes,IdentityConstraint,10032-10831,covered,spec line 5331; schema group IdentityConstraint,P2,Type-specific trait requirements encoded via xone subshapes.,graph
REQ-0144,Codex Language Specification — Version 1.0.0 > 11. Schema Definition Language > 11.9 Atomic Constraints > 11.9.7 Identity Constraints > `IdentityConstraint` > Types,5333,Identity constraint semantics MUST follow the entity and identity model defined in §§3.5 and 6.,MUST,partial,IdentityConstraint,10032-10831,partial,spec line 5333; schema group IdentityConstraint,P3,Requirement is partly outside declarative shape constraints and needs runtime semantics.,runtime
REQ-0145,Codex Language Specification — Version 1.0.0 > 11. Schema Definition Language > 11.9 Atomic Constraints > 11.9.7 Identity Constraints > `IdentityConstraint` > Types,5335,`IdentityConstraint(type=MustBeEntity)` MUST report an `IdentityError` (§14) unless the focus Concept instance is an Entity under §3.5.,MUST,partial,IdentityConstraint,10032-10831,partial,spec line 5335; schema group IdentityConstraint,P3,Requirement is partly outside declarative shape constraints and needs runtime semantics.,runtime
REQ-0146,Codex Language Specification — Version 1.0.0 > 11. Schema Definition Language > 11.9 Atomic Constraints > 11.9.7 Identity Constraints > `IdentityConstraint` > Types,5337,`IdentityConstraint(type=MustNotBeEntity)` MUST report an `IdentityError` (§14) if the focus Concept instance declares an `id` Trait.,MUST,yes,IdentityConstraint,10032-10831,covered,spec line 5337; schema group IdentityConstraint,P3,Constraint appears in corresponding schema group.,graph
REQ-0147,Codex Language Specification — Version 1.0.0 > 11. Schema Definition Language > 11.9 Atomic Constraints > 11.9.7 Identity Constraints > `IdentityConstraint` > Types,5340,"Its semantics MUST be identical to `UniqueConstraint(trait=id, scope=S)` as defined in §9.9.7 (where `id` refers to `codex:declaredId`).",MUST,yes,UniqueConstraint,23752-23999,covered,spec line 5340; schema group UniqueConstraint,P3,Constraint appears in corresponding schema group.,graph
REQ-0148,Codex Language Specification — Version 1.0.0 > 11. Schema Definition Language > 11.9 Atomic Constraints > 11.9.7 Identity Constraints > `IdentityConstraint` > Types,5343,"When the focus Concept instance is an Entity, its declared `id` value MUST match the regular expression `p` under SPARQL 1.1 `REGEX` semantics (see §9.5.1).",MUST,partial,When,26492-26702,partial,spec line 5343; schema group When,P3,Requirement is partly outside declarative shape constraints and needs runtime semantics.,runtime
REQ-0149,Codex Language Specification — Version 1.0.0 > 11. Schema Definition Language > 11.9 Atomic Constraints > 11.9.7 Identity Constraints > `IdentityConstraint` > Types,5345,"When `pattern` is not provided for `IdentityConstraint(type=IdentifierForm)`, schema processing MUST fail with a `SchemaError` (§14).",MUST,partial,IdentityConstraint,10032-10831,partial,spec line 5345; schema group IdentityConstraint,P3,Requirement is partly outside declarative shape constraints and needs runtime semantics.,runtime
REQ-0150,Codex Language Specification — Version 1.0.0 > 11. Schema Definition Language > 11.9 Atomic Constraints > 11.9.8 Context Constraints > `ContextConstraint` > Types,5358,* `OnlyValidUnderParent`: Requires the immediate parent is of the type specified by the `TargetContext` in this constraint's `Targets` block. The `ContextConstraint` itself MUST NOT have a `contextSelector` trait.,MUST NOT,yes,TargetContext,20151-20360,covered,spec line 5358; schema group TargetContext,P3,Constraint appears in corresponding schema group.,graph
REQ-0151,Codex Language Specification — Version 1.0.0 > 11. Schema Definition Language > 11.9 Atomic Constraints > 11.9.8 Context Constraints > `ContextConstraint` > Types,5359,* `OnlyValidUnderContext`: Requires an ancestor of the specified type exists in the parent chain. The `contextSelector` trait MUST be present.,MUST,yes,ContextConstraint,6872-7276,covered,spec line 5359; schema group ContextConstraint,P3,Constraint appears in corresponding schema group.,graph
REQ-0152,Codex Language Specification — Version 1.0.0 > 11. Schema Definition Language > 11.9 Atomic Constraints > 11.9.8 Context Constraints > `ContextConstraint` > Types,5361,Context constraint semantics MUST follow §9.9.8.,MUST,partial,ContextConstraint,6872-7276,partial,spec line 5361; schema group ContextConstraint,P3,Requirement is partly outside declarative shape constraints and needs runtime semantics.,runtime
REQ-0153,Codex Language Specification — Version 1.0.0 > 11. Schema Definition Language > 11.9 Atomic Constraints > 11.9.10 Content Constraints > `ContentConstraint` > Types,5373,* `ForbidsContent`: Requires content is absent. The `pattern` and `flags` traits MUST NOT be present.,MUST NOT,yes,ContentConstraint,5833-6397,covered,spec line 5373; schema group ContentConstraint,P2,Type-specific pattern/flags requirements encoded via xone subshapes.,graph
REQ-0154,Codex Language Specification — Version 1.0.0 > 11. Schema Definition Language > 11.9 Atomic Constraints > 11.9.10 Content Constraints > `ContentConstraint` > Types,5374,* `ContentRequired`: Requires content exists. The `pattern` and `flags` traits MUST NOT be present.,MUST NOT,yes,ContentConstraint,5833-6397,covered,spec line 5374; schema group ContentConstraint,P2,Type-specific pattern/flags requirements encoded via xone subshapes.,graph
REQ-0155,Codex Language Specification — Version 1.0.0 > 11. Schema Definition Language > 11.9 Atomic Constraints > 11.9.10 Content Constraints > `ContentConstraint` > Types,5375,* `ContentMatchesPattern`: Requires content matches a pattern. The `pattern` trait MUST be present. The `flags` trait is allowed.,MUST,yes,ContentConstraint,5833-6397,covered,spec line 5375; schema group ContentConstraint,P2,Type-specific pattern/flags requirements encoded via xone subshapes.,graph
REQ-0156,Codex Language Specification — Version 1.0.0 > 11. Schema Definition Language > 11.9 Atomic Constraints > 11.9.10 Content Constraints > `ContentConstraint` > Types,5377,Content constraint semantics MUST follow the content model defined in §3.4 and the validation rules defined in §9.9.5.,MUST,partial,ContentConstraint,5833-6397,partial,spec line 5377; schema group ContentConstraint,P3,Requirement is partly outside declarative shape constraints and needs runtime semantics.,runtime
REQ-0157,Codex Language Specification — Version 1.0.0 > 11. Schema Definition Language > 11.11 Relationship to External Systems,5440,"* Any derived representation (including SHACL, SHACL-SPARQL, or OWL) MUST be a pure, deterministic projection of the Codex schema.",MUST,partial,Schema,18352-19489,partial,spec line 5440; schema group Schema,P3,Requirement is partly outside declarative shape constraints and needs runtime semantics.,runtime
REQ-0158,Codex Language Specification — Version 1.0.0 > 11. Schema Definition Language > 11.11 Relationship to External Systems,5441,"* Derived artifacts MUST NOT introduce semantics, defaults, inference rules, or interpretation not explicitly defined by:",MUST NOT,partial,Schema,18352-19489,partial,spec line 5441; schema group Schema,P3,Requirement is partly outside declarative shape constraints and needs runtime semantics.,runtime
REQ-0159,Codex Language Specification — Version 1.0.0 > 11. Schema Definition Language > 11.11 Relationship to External Systems,5445,"* Derived artifacts MUST NOT override, weaken, or contradict Codex validation semantics.",MUST NOT,partial,Schema,18352-19489,partial,spec line 5445; schema group Schema,P3,Requirement is partly outside declarative shape constraints and needs runtime semantics.,runtime
REQ-0160,Codex Language Specification — Version 1.0.0 > 11. Schema Definition Language > 11.11 Relationship to External Systems,5446,"* When a Codex constraint or rule cannot be expressed faithfully in the chosen external system, derivation MUST fail with a `SchemaError` (§14) rather than approximate.",MUST,partial,When,26492-26702,partial,spec line 5446; schema group When,P3,Requirement is partly outside declarative shape constraints and needs runtime semantics.,runtime
REQ-0161,Codex Language Specification — Version 1.0.0 > 12. Schema Loading and Bootstrapping > 12.3 Bootstrap Schema-of-Schemas,5503,The bootstrap schema-of-schemas MUST NOT be substituted for a missing governing schema when processing an instance document.,MUST NOT,partial,Schema,18352-19489,partial,spec line 5503; schema group Schema,P3,Requirement is partly outside declarative shape constraints and needs runtime semantics.,runtime
REQ-0162,Codex Language Specification — Version 1.0.0 > 12. Schema Loading and Bootstrapping > 12.3 Bootstrap Schema-of-Schemas > 12.3.1 Requirements,5507,Every conforming implementation MUST:,MUST,partial,Schema,18352-19489,partial,spec line 5507; schema group Schema,P3,Requirement is partly outside declarative shape constraints and needs runtime semantics.,runtime
REQ-0163,Codex Language Specification — Version 1.0.0 > 12. Schema Loading and Bootstrapping > 12.3 Bootstrap Schema-of-Schemas > 12.3.1 Requirements,5513,"An explicitly provided governing schema for a schema document MUST either be the bootstrap schema-of-schemas itself or a schema that is valid under the bootstrap schema-of-schemas. An implementation MUST NOT partially extend, modify, or augment the bootstrap schema-of-schemas.",MUST NOT,partial,Schema,18352-19489,partial,spec line 5513; schema group Schema,P3,Requirement is partly outside declarative shape constraints and needs runtime semantics.,runtime
REQ-0164,Codex Language Specification — Version 1.0.0 > 12. Schema Loading and Bootstrapping > 12.3 Bootstrap Schema-of-Schemas > 12.3.1 Requirements,5515,The bootstrap schema-of-schemas MUST itself conform to the Codex language invariants (§2) and the schema-first architecture (§9).,MUST,partial,Schema,18352-19489,partial,spec line 5515; schema group Schema,P1,Conformance to all language invariants cannot be established from schema.cdx alone.,runtime
REQ-0165,Codex Language Specification — Version 1.0.0 > 12. Schema Loading and Bootstrapping > 12.3 Bootstrap Schema-of-Schemas > 12.3.2 Schema Document Detection,5521,A document whose root Concept is `Schema` MUST be treated as a schema document and MUST NOT be parsed as an instance document under any schema other than the bootstrap schema-of-schemas or an explicitly provided governing schema.,MUST NOT,partial,Schema,18352-19489,partial,spec line 5521; schema group Schema,P3,Requirement is partly outside declarative shape constraints and needs runtime semantics.,runtime
REQ-0166,Codex Language Specification — Version 1.0.0 > 12. Schema Loading and Bootstrapping > 12.3 Bootstrap Schema-of-Schemas > 12.3.2 Schema Document Detection,5525,"1. If an explicit governing schema was provided by the caller, that schema MUST be used.",MUST,partial,Schema,18352-19489,partial,spec line 5525; schema group Schema,P3,Requirement is partly outside declarative shape constraints and needs runtime semantics.,runtime
REQ-0167,Codex Language Specification — Version 1.0.0 > 12. Schema Loading and Bootstrapping > 12.3 Bootstrap Schema-of-Schemas > 12.3.2 Schema Document Detection,5526,"2. Otherwise, the built-in bootstrap schema-of-schemas MUST be used.",MUST,partial,Schema,18352-19489,partial,spec line 5526; schema group Schema,P3,Requirement is partly outside declarative shape constraints and needs runtime semantics.,runtime
REQ-0168,Codex Language Specification — Version 1.0.0 > 12. Schema Loading and Bootstrapping > 12.3 Bootstrap Schema-of-Schemas > 12.3.2 Schema Document Detection,5528,"An implementation MUST NOT use any other detection, inference, or fallback mechanisms.",MUST NOT,partial,Schema,18352-19489,partial,spec line 5528; schema group Schema,P3,Requirement is partly outside declarative shape constraints and needs runtime semantics.,runtime
REQ-0169,Codex Language Specification — Version 1.0.0 > 12. Schema Loading and Bootstrapping > 12.3 Bootstrap Schema-of-Schemas > 12.3.3 Validation and Error Classification,5534,"* If the document cannot be decoded, tokenized, or structurally parsed, the failure MUST be classified as `ParseError` (§14).",MUST,partial,Schema,18352-19489,partial,spec line 5534; schema group Schema,P3,Requirement is partly outside declarative shape constraints and needs runtime semantics.,runtime
REQ-0170,Codex Language Specification — Version 1.0.0 > 12. Schema Loading and Bootstrapping > 12.3 Bootstrap Schema-of-Schemas > 12.3.3 Validation and Error Classification,5535,"* If the document is structurally readable but violates the bootstrap schema-of-schemas or an explicitly provided governing schema, the failure MUST be classified as `SchemaError` (§14).",MUST,partial,Schema,18352-19489,partial,spec line 5535; schema group Schema,P3,Requirement is partly outside declarative shape constraints and needs runtime semantics.,runtime
REQ-0171,Codex Language Specification — Version 1.0.0 > 12. Schema Loading and Bootstrapping > 12.3 Bootstrap Schema-of-Schemas > 12.3.3 Validation and Error Classification,5537,"Implementations MUST NOT attempt partial validation, recovery, or best-effort interpretation.",MUST NOT,partial,Schema,18352-19489,partial,spec line 5537; schema group Schema,P3,Requirement is partly outside declarative shape constraints and needs runtime semantics.,runtime
REQ-0172,Codex Language Specification — Version 1.0.0 > 12. Schema Loading and Bootstrapping > 12.3 Bootstrap Schema-of-Schemas > 12.3.4 Canonical Authority,5545,"The bootstrap schema-of-schemas MUST accept exactly those schema documents that conform to §11, and MUST reject all others with a `SchemaError` (§14).",MUST,partial,Schema,18352-19489,partial,spec line 5545; schema group Schema,P1,"""Accept exactly §11"" is broader than what schema.cdx alone enforces; several rules rely on external processing semantics.",runtime
REQ-0173,Codex Language Specification — Version 1.0.0 > 12. Schema Loading and Bootstrapping > 12.3 Bootstrap Schema-of-Schemas > 12.3.4 Canonical Authority,5547,"The bootstrap schema-of-schemas MUST NOT introduce additional constructs, defaults, or semantics beyond those defined in §11.",MUST NOT,partial,Schema,18352-19489,partial,spec line 5547; schema group Schema,P1,"No-extra-semantics is a system-level guarantee, not fully encoded in shape graph.",runtime
REQ-0174,Codex Language Specification — Version 1.0.0 > 13. Schema Versioning > 13.2 Core Principles,5636,Schemas MUST make their versioning intent explicit.,MUST,partial,Schema,18352-19489,partial,spec line 5636; schema group Schema,P3,Requirement is partly outside declarative shape constraints and needs runtime semantics.,version
REQ-0175,Codex Language Specification — Version 1.0.0 > 13. Schema Versioning > 13.3 Schema Identity,5639,Every Codex schema MUST declare its identity and version explicitly.,MUST,yes,Schema,18352-19489,covered,spec line 5639; schema group Schema,P3,Constraint appears in corresponding schema group.,graph
REQ-0176,Codex Language Specification — Version 1.0.0 > 13. Schema Versioning > 13.3 Schema Identity,5650,All versions of the same schema MUST share the same schema identifier.,MUST,partial,Schema,18352-19489,partial,spec line 5650; schema group Schema,P3,Requirement is partly outside declarative shape constraints and needs runtime semantics.,version
REQ-0177,Codex Language Specification — Version 1.0.0 > 13. Schema Versioning > 13.3 Schema Identity,5654,"A schema document that omits any of the `id`, `version`, or `versionScheme` Traits on the root `Schema` Concept MUST be rejected with a `SchemaError` (§14).",MUST,yes,Schema,18352-19489,covered,spec line 5654; schema group Schema,P3,Constraint appears in corresponding schema group.,graph
REQ-0178,Codex Language Specification — Version 1.0.0 > 13. Schema Versioning > 13.3 Schema Identity,5656,A schema document MUST NOT declare more than one schema identifier.,MUST NOT,partial,Schema,18352-19489,partial,spec line 5656; schema group Schema,P3,Requirement is partly outside declarative shape constraints and needs runtime semantics.,version
REQ-0179,Codex Language Specification — Version 1.0.0 > 13. Schema Versioning > 13.3 Schema Identity,5658,"Within a schema lineage, the schema identifier MUST NOT be redefined or aliased.",MUST NOT,partial,Schema,18352-19489,partial,spec line 5658; schema group Schema,P3,Requirement is partly outside declarative shape constraints and needs runtime semantics.,version
REQ-0180,Codex Language Specification — Version 1.0.0 > 13. Schema Versioning > 13.3 Schema Identity,5660,"Schema identity and version information MUST be treated as authoritative and MUST NOT be inferred, synthesized, or substituted by tooling.",MUST NOT,partial,Schema,18352-19489,partial,spec line 5660; schema group Schema,P3,Requirement is partly outside declarative shape constraints and needs runtime semantics.,version
REQ-0181,Codex Language Specification — Version 1.0.0 > 13. Schema Versioning > 13.4 Version Semantics,5663,Schemas MUST use monotonic versioning within a schema lineage.,MUST,partial,Schema,18352-19489,partial,spec line 5663; schema group Schema,P3,Requirement is partly outside declarative shape constraints and needs runtime semantics.,version
REQ-0182,Codex Language Specification — Version 1.0.0 > 13. Schema Versioning > 13.4 Version Semantics,5665,"Within a schema lineage, all schema versions MUST use the same `versionScheme` value; a schema that changes the `versionScheme` within a lineage MUST be rejected with a `SchemaError` (§14).",MUST,partial,Schema,18352-19489,partial,spec line 5665; schema group Schema,P3,Requirement is partly outside declarative shape constraints and needs runtime semantics.,version
REQ-0183,Codex Language Specification — Version 1.0.0 > 13. Schema Versioning > 13.4 Version Semantics,5667,"Regardless of scheme, schema versions MUST form a **total, unambiguous ordering**. A schema whose version ordering is ambiguous or non-comparable MUST be rejected with a `SchemaError` (§14).",MUST,partial,Schema,18352-19489,partial,spec line 5667; schema group Schema,P3,Requirement is partly outside declarative shape constraints and needs runtime semantics.,version
REQ-0184,Codex Language Specification — Version 1.0.0 > 13. Schema Versioning > 13.4 Version Semantics,5669,"Tools MUST compare schema versions mechanically according to the comparison rules defined in this section for the declared `versionScheme`, and MUST NOT apply heuristics, coercion, or fallback rules.",MUST NOT,partial,Schema,18352-19489,partial,spec line 5669; schema group Schema,P3,Requirement is partly outside declarative shape constraints and needs runtime semantics.,version
REQ-0185,Codex Language Specification — Version 1.0.0 > 13. Schema Versioning > 13.4 Version Semantics > 13.4.1 Version Schemes,5672,The root `Schema` Concept’s `versionScheme` Trait MUST be one of the following Enumerated Token Values:,MUST,yes,Schema,18352-19489,covered,spec line 5672; schema group Schema,P2,versionScheme enum is enforced on Schema trait.,graph
REQ-0186,Codex Language Specification — Version 1.0.0 > 13. Schema Versioning > 13.4 Version Semantics > 13.4.1 Version Schemes,5679,"If `versionScheme` is not one of these values, schema processing MUST fail with a `SchemaError` (§14).",MUST,partial,Schema,18352-19489,partial,spec line 5679; schema group Schema,P3,Requirement is partly outside declarative shape constraints and needs runtime semantics.,version
REQ-0187,Codex Language Specification — Version 1.0.0 > 13. Schema Versioning > 13.4 Version Semantics > 13.4.2 Version Comparison Rules,5682,"For all schemes below, if a `version` text does not conform to the required scheme-specific syntax, schema processing MUST fail with a `SchemaError` (§14).",MUST,partial,Schema,18352-19489,partial,spec line 5682; schema group Schema,P3,Requirement is partly outside declarative shape constraints and needs runtime semantics.,version
REQ-0188,Codex Language Specification — Version 1.0.0 > 13. Schema Versioning > 13.5 Compatibility Classes,5705,"Each schema version MUST declare exactly one compatibility class. For all versions except the first, the compatibility class declares the relationship to the immediately preceding version in the same schema lineage.",MUST,yes,Schema,18352-19489,covered,spec line 5705; schema group Schema,P3,Constraint appears in corresponding schema group.,graph
REQ-0189,Codex Language Specification — Version 1.0.0 > 13. Schema Versioning > 13.5 Compatibility Classes,5709,The `compatibilityClass` Trait MUST be one of the following Enumerated Token Values:,MUST,yes,Schema,18352-19489,covered,spec line 5709; schema group Schema,P2,compatibilityClass enum is enforced on Schema trait.,graph
REQ-0190,Codex Language Specification — Version 1.0.0 > 13. Schema Versioning > 13.5 Compatibility Classes,5716,"If `compatibilityClass` is not one of these values, schema processing MUST fail with a `SchemaError` (§14).",MUST,partial,Schema,18352-19489,partial,spec line 5716; schema group Schema,P3,Requirement is partly outside declarative shape constraints and needs runtime semantics.,version
REQ-0191,Codex Language Specification — Version 1.0.0 > 13. Schema Versioning > 13.5 Compatibility Classes,5720,"If a schema version's declared compatibility class is contradicted by its actual effects on validation semantics, the schema MUST be rejected with a `SchemaError` (§14).",MUST,partial,Schema,18352-19489,partial,spec line 5720; schema group Schema,P3,Requirement is partly outside declarative shape constraints and needs runtime semantics.,version
REQ-0192,Codex Language Specification — Version 1.0.0 > 13. Schema Versioning > 13.5 Compatibility Classes > 13.5.1 Initial,5724,The first version in a schema lineage MUST declare `compatibilityClass=$Initial`.,MUST,yes,Schema,18352-19489,covered,spec line 5724; schema group Schema,P3,Constraint appears in corresponding schema group.,version
REQ-0193,Codex Language Specification — Version 1.0.0 > 13. Schema Versioning > 13.5 Compatibility Classes > 13.5.1 Initial,5726,"A schema version that declares `$Initial` MUST be the first version in its lineage; if a non-first version declares `$Initial`, schema processing MUST fail with a `SchemaError` (§14).",MUST,partial,Schema,18352-19489,partial,spec line 5726; schema group Schema,P3,Requirement is partly outside declarative shape constraints and needs runtime semantics.,version
REQ-0194,Codex Language Specification — Version 1.0.0 > 13. Schema Versioning > 13.5 Compatibility Classes > 13.5.2 BackwardCompatible,5732,* all Codex data that passed schema validation under the immediately preceding version MUST also pass schema validation under this version,MUST,partial,Schema,18352-19489,partial,spec line 5732; schema group Schema,P3,Requirement is partly outside declarative shape constraints and needs runtime semantics.,version
REQ-0195,Codex Language Specification — Version 1.0.0 > 13. Schema Versioning > 13.5 Compatibility Classes > 13.5.2 BackwardCompatible,5733,* the meaning of existing Concepts and Traits MUST be preserved,MUST,yes,Schema,18352-19489,covered,spec line 5733; schema group Schema,P3,Constraint appears in corresponding schema group.,version
REQ-0196,Codex Language Specification — Version 1.0.0 > 13. Schema Versioning > 13.5 Compatibility Classes > 13.5.2 BackwardCompatible,5737,"If any previously valid data becomes invalid under a schema version declared as backward-compatible, the schema MUST be rejected with a `SchemaError` (§14).",MUST,partial,Schema,18352-19489,partial,spec line 5737; schema group Schema,P3,Requirement is partly outside declarative shape constraints and needs runtime semantics.,version
REQ-0197,Codex Language Specification — Version 1.0.0 > 13. Schema Versioning > 13.5 Compatibility Classes > 13.5.3 ForwardCompatible,5749,"If data authored for a forward-compatible version cannot pass schema validation under the preceding version without loss of meaning, the schema MUST be rejected with a `SchemaError` (§14).",MUST,partial,Schema,18352-19489,partial,spec line 5749; schema group Schema,P3,Requirement is partly outside declarative shape constraints and needs runtime semantics.,version
REQ-0198,Codex Language Specification — Version 1.0.0 > 13. Schema Versioning > 13.5 Compatibility Classes > 13.5.4 Breaking,5759,Any schema version that introduces a breaking change MUST be declared as breaking.,MUST,partial,Schema,18352-19489,partial,spec line 5759; schema group Schema,P3,Requirement is partly outside declarative shape constraints and needs runtime semantics.,version
REQ-0199,Codex Language Specification — Version 1.0.0 > 13. Schema Versioning > 13.6 What Constitutes a Breaking Change,5764,The following changes are breaking and MUST require `compatibilityClass=$Breaking`:,MUST,partial,Schema,18352-19489,partial,spec line 5764; schema group Schema,P3,Requirement is partly outside declarative shape constraints and needs runtime semantics.,version
REQ-0200,Codex Language Specification — Version 1.0.0 > 13. Schema Versioning > 13.6 What Constitutes a Breaking Change,5778,A schema version that introduces any breaking change without declaring `compatibilityClass=$Breaking` is invalid and MUST be rejected with a `SchemaError` (§14).,MUST,partial,Schema,18352-19489,partial,spec line 5778; schema group Schema,P3,Requirement is partly outside declarative shape constraints and needs runtime semantics.,version
REQ-0201,Codex Language Specification — Version 1.0.0 > 13. Schema Versioning > 13.7 Non-Breaking Changes,5794,Non-breaking changes MUST NOT:,MUST NOT,partial,Schema,18352-19489,partial,spec line 5794; schema group Schema,P3,Requirement is partly outside declarative shape constraints and needs runtime semantics.,version
REQ-0202,Codex Language Specification — Version 1.0.0 > 13. Schema Versioning > 13.7 Non-Breaking Changes,5800,"If any change classified as non-breaking would cause previously valid data to fail validation, the schema version MUST instead be declared as `compatibilityClass=$Breaking`.",MUST,partial,Schema,18352-19489,partial,spec line 5800; schema group Schema,P3,Requirement is partly outside declarative shape constraints and needs runtime semantics.,version
REQ-0203,Codex Language Specification — Version 1.0.0 > 13. Schema Versioning > 13.8 Schema Validation Behavior,5803,"When validating a Codex document, the governing schema version MUST be explicitly known.",MUST,partial,When,26492-26702,partial,spec line 5803; schema group When,P3,Requirement is partly outside declarative shape constraints and needs runtime semantics.,runtime
REQ-0204,Codex Language Specification — Version 1.0.0 > 13. Schema Versioning > 13.8 Schema Validation Behavior,5805,Validation MUST be performed strictly according to the rules of that schema version.,MUST,partial,Schema,18352-19489,partial,spec line 5805; schema group Schema,P3,Requirement is partly outside declarative shape constraints and needs runtime semantics.,runtime
REQ-0205,Codex Language Specification — Version 1.0.0 > 13. Schema Versioning > 13.8 Schema Validation Behavior,5807,A conforming implementation MUST:,MUST,partial,Schema,18352-19489,partial,spec line 5807; schema group Schema,P3,Requirement is partly outside declarative shape constraints and needs runtime semantics.,runtime
REQ-0206,Codex Language Specification — Version 1.0.0 > 13. Schema Versioning > 13.8 Schema Validation Behavior,5814,A conforming implementation MUST NOT:,MUST NOT,partial,Schema,18352-19489,partial,spec line 5814; schema group Schema,P3,Requirement is partly outside declarative shape constraints and needs runtime semantics.,runtime
REQ-0207,Codex Language Specification — Version 1.0.0 > 13. Schema Versioning > 13.8 Schema Validation Behavior,5821,"If schema version resolution fails for any reason, validation MUST fail with a `SchemaError` (§14).",MUST,partial,Schema,18352-19489,partial,spec line 5821; schema group Schema,P3,Requirement is partly outside declarative shape constraints and needs runtime semantics.,runtime
REQ-0208,Codex Language Specification — Version 1.0.0 > 13. Schema Versioning > 13.9 Relationship to Data Migration,5826,A breaking schema version declaration MUST be treated as a statement that migration is required for existing data to validate under the new schema version.,MUST,partial,Schema,18352-19489,partial,spec line 5826; schema group Schema,P3,Requirement is partly outside declarative shape constraints and needs runtime semantics.,version
REQ-0209,Codex Language Specification — Version 1.0.0 > 13. Schema Versioning > 13.9 Relationship to Data Migration,5828,Codex schemas MUST:,MUST,partial,Schema,18352-19489,partial,spec line 5828; schema group Schema,P3,Requirement is partly outside declarative shape constraints and needs runtime semantics.,version
REQ-0210,Codex Language Specification — Version 1.0.0 > 13. Schema Versioning > 13.9 Relationship to Data Migration,5834,Codex tooling MUST:,MUST,partial,Schema,18352-19489,partial,spec line 5834; schema group Schema,P3,Requirement is partly outside declarative shape constraints and needs runtime semantics.,runtime
REQ-0211,Codex Language Specification — Version 1.0.0 > 13. Schema Versioning > 13.9 Relationship to Data Migration,5840,Any migrated data MUST validate cleanly under the target schema version using ordinary schema validation rules.,MUST,partial,Schema,18352-19489,partial,spec line 5840; schema group Schema,P3,Requirement is partly outside declarative shape constraints and needs runtime semantics.,version
REQ-0212,Codex Language Specification — Version 1.0.0 > 13. Schema Versioning > 13.9 Relationship to Data Migration,5842,"Migration tooling, if provided, is outside the scope of this specification and MUST be explicit, deterministic, and non-heuristic.",MUST,partial,Schema,18352-19489,partial,spec line 5842; schema group Schema,P3,Requirement is partly outside declarative shape constraints and needs runtime semantics.,runtime
REQ-0213,Codex Language Specification — Version 1.0.0 > 13. Schema Versioning > 13.10 Tooling Responsibilities,5845,Codex tooling MUST:,MUST,partial,Schema,18352-19489,partial,spec line 5845; schema group Schema,P3,Requirement is partly outside declarative shape constraints and needs runtime semantics.,runtime
REQ-0214,Codex Language Specification — Version 1.0.0 > 13. Schema Versioning > 13.10 Tooling Responsibilities,5853,Codex tooling MUST NOT:,MUST NOT,partial,Schema,18352-19489,partial,spec line 5853; schema group Schema,P3,Requirement is partly outside declarative shape constraints and needs runtime semantics.,runtime
REQ-0215,Codex Language Specification — Version 1.0.0 > 13. Schema Versioning > 13.10 Tooling Responsibilities,5860,"All version handling MUST be explicit, deterministic, and free of heuristics.",MUST,partial,Schema,18352-19489,partial,spec line 5860; schema group Schema,P3,Requirement is partly outside declarative shape constraints and needs runtime semantics.,runtime
